#,Symbol,Company,Index,Unnamed: 4,Unnamed: 5,Unnamed: 6
1.0,NVDA,Nvidia,S&P500,,,
2.0,AAPL,Apple Inc.,S&P500,,,
3.0,MSFT,Microsoft,S&P500,,,
4.0,AMZN,Amazon,S&P500,,,
5.0,GOOGL,Alphabet Inc. (Class A),S&P500,,,
6.0,GOOG,Alphabet Inc. (Class C),S&P500,,,
7.0,META,Meta Platforms,S&P500,,,
8.0,AVGO,Broadcom,S&P500,,,
9.0,TSLA,"Tesla, Inc.",S&P500,,,
10.0,BRK.B,Berkshire Hathaway,S&P500,,,
11.0,WMT,Walmart,S&P500,,,
12.0,LLY,Lilly (Eli),S&P500,,,
13.0,JPM,JPMorgan Chase,S&P500,,,
14.0,V,Visa Inc.,S&P500,,,
15.0,XOM,ExxonMobil,S&P500,,,
16.0,JNJ,Johnson & Johnson,S&P500,,,
17.0,MU,Micron Technology,S&P500,,,
18.0,MA,Mastercard,S&P500,,,
19.0,COST,Costco,S&P500,,,
20.0,ORCL,Oracle Corporation,S&P500,,,
21.0,ABBV,AbbVie,S&P500,,,
22.0,BAC,Bank of America,S&P500,,,
23.0,HD,Home Depot (The),S&P500,,,
24.0,PG,Procter & Gamble,S&P500,,,
25.0,CVX,Chevron Corporation,S&P500,,,
26.0,GE,GE Aerospace,S&P500,,,
27.0,CAT,Caterpillar Inc.,S&P500,,,
28.0,KO,Coca-Cola Company (The),S&P500,,,
29.0,NFLX,Netflix,S&P500,,,
30.0,AMD,Advanced Micro Devices,S&P500,,,
31.0,PLTR,Palantir Technologies,S&P500,,,
32.0,CSCO,Cisco,S&P500,,,
33.0,LRCX,Lam Research,S&P500,,,
34.0,MRK,Merck & Co.,S&P500,,,
35.0,AMAT,Applied Materials,S&P500,,,
36.0,PM,Philip Morris International,S&P500,,,
37.0,MS,Morgan Stanley,S&P500,,,
38.0,GS,Goldman Sachs,S&P500,,,
39.0,RTX,RTX Corporation,S&P500,,,
40.0,WFC,Wells Fargo,S&P500,,,
41.0,UNH,UnitedHealth Group,S&P500,,,
42.0,IBM,IBM,S&P500,,,
43.0,AXP,American Express,S&P500,,,
44.0,TMUS,T-Mobile US,S&P500,,,
45.0,MCD,McDonald's,S&P500,,,
46.0,LIN,Linde plc,S&P500,,,
47.0,PEP,PepsiCo,S&P500,,,
48.0,GEV,GE Vernova,S&P500,,,
49.0,INTC,Intel,S&P500,,,
50.0,VZ,Verizon,S&P500,,,
51.0,C,Citigroup,S&P500,,,
52.0,AMGN,Amgen,S&P500,,,
53.0,TXN,Texas Instruments,S&P500,,,
54.0,KLAC,KLA Corporation,S&P500,,,
55.0,T,AT&T,S&P500,,,
56.0,ABT,Abbott Laboratories,S&P500,,,
57.0,NEE,NextEra Energy,S&P500,,,
58.0,TMO,Thermo Fisher Scientific,S&P500,,,
59.0,GILD,Gilead Sciences,S&P500,,,
60.0,DIS,Walt Disney Company (The),S&P500,,,
61.0,APH,Amphenol,S&P500,,,
62.0,BA,Boeing,S&P500,,,
63.0,DE,Deere & Company,S&P500,,,
64.0,ISRG,Intuitive Surgical,S&P500,,,
65.0,TJX,TJX Companies,S&P500,,,
66.0,CRM,Salesforce,S&P500,,,
67.0,ADI,Analog Devices,S&P500,,,
68.0,BLK,BlackRock,S&P500,,,
69.0,ANET,Arista Networks,S&P500,,,
70.0,SCHW,Charles Schwab Corporation,S&P500,,,
71.0,UNP,Union Pacific Corporation,S&P500,,,
72.0,LOW,Lowe's,S&P500,,,
73.0,HON,Honeywell,S&P500,,,
74.0,QCOM,Qualcomm,S&P500,,,
75.0,UBER,Uber,S&P500,,,
76.0,PFE,Pfizer,S&P500,,,
77.0,LMT,Lockheed Martin,S&P500,,,
78.0,DHR,Danaher Corporation,S&P500,,,
79.0,SYK,Stryker Corporation,S&P500,,,
80.0,WELL,Welltower,S&P500,,,
81.0,ETN,Eaton Corporation,S&P500,,,
82.0,APP,AppLovin Corporation,S&P500,,,
83.0,COP,ConocoPhillips,S&P500,,,
84.0,NEM,Newmont,S&P500,,,
85.0,ACN,Accenture,S&P500,,,
86.0,PLD,Prologis,S&P500,,,
87.0,BKNG,Booking Holdings,S&P500,,,
88.0,COF,Capital One,S&P500,,,
89.0,CB,Chubb Limited,S&P500,,,
90.0,PH,Parker Hannifin,S&P500,,,
91.0,SPGI,S&P Global,S&P500,,,
92.0,MDT,Medtronic,S&P500,,,
93.0,BMY,Bristol Myers Squibb,S&P500,,,
94.0,VRTX,Vertex Pharmaceuticals,S&P500,,,
95.0,PANW,Palo Alto Networks,S&P500,,,
96.0,GLW,Corning Inc.,S&P500,,,
97.0,PGR,Progressive Corporation,S&P500,,,
98.0,HCA,HCA Healthcare,S&P500,,,
99.0,MCK,McKesson Corporation,S&P500,,,
100.0,MO,Altria,S&P500,,,
101.0,CMCSA,Comcast,S&P500,,,
102.0,SBUX,Starbucks,S&P500,,,
103.0,CME,CME Group,S&P500,,,
104.0,BSX,Boston Scientific,S&P500,,,
105.0,NOW,ServiceNow,S&P500,,,
106.0,CEG,Constellation Energy,S&P500,,,
107.0,ADBE,Adobe Inc.,S&P500,,,
108.0,INTU,Intuit,S&P500,,,
109.0,SO,Southern Company,S&P500,,,
110.0,HWM,Howmet Aerospace,S&P500,,,
111.0,TT,Trane Technologies,S&P500,,,
112.0,NOC,Northrop Grumman,S&P500,,,
113.0,UPS,United Parcel Service,S&P500,,,
114.0,DUK,Duke Energy,S&P500,,,
115.0,CRWD,CrowdStrike,S&P500,,,
116.0,CVS,CVS Health,S&P500,,,
117.0,NKE,"Nike, Inc.",S&P500,,,
118.0,WDC,Western Digital,S&P500,,,
119.0,SNDK,Sandisk Corporation,S&P500,,,
120.0,GD,General Dynamics,S&P500,,,
121.0,BX,Blackstone Inc.,S&P500,,,
122.0,PNC,PNC Financial Services,S&P500,,,
123.0,WM,Waste Management,S&P500,,,
124.0,FCX,Freeport-McMoRan,S&P500,,,
125.0,MAR,Marriott International,S&P500,,,
126.0,FDX,FedEx,S&P500,,,
127.0,USB,U.S. Bancorp,S&P500,,,
128.0,EQIX,Equinix,S&P500,,,
129.0,KKR,KKR,S&P500,,,
130.0,STX,Seagate Technology,S&P500,,,
131.0,SHW,Sherwin-Williams,S&P500,,,
132.0,WMB,Williams Companies,S&P500,,,
133.0,JCI,Johnson Controls,S&P500,,,
134.0,MMM,3M,S&P500,,,
135.0,AMT,American Tower,S&P500,,,
136.0,ICE,Intercontinental Exchange,S&P500,,,
137.0,MRSH,"Marsh & McLennan Companies, Inc.",S&P500,,,
138.0,ADP,Automatic Data Processing,S&P500,,,
139.0,ECL,Ecolab,S&P500,,,
140.0,RCL,Royal Caribbean Group,S&P500,,,
141.0,ITW,Illinois Tool Works,S&P500,,,
142.0,SNPS,Synopsys,S&P500,,,
143.0,EMR,Emerson Electric,S&P500,,,
144.0,CRH,CRH plc,S&P500,,,
145.0,REGN,Regeneron Pharmaceuticals,S&P500,,,
146.0,PWR,Quanta Services,S&P500,,,
147.0,CMI,Cummins,S&P500,,,
148.0,MNST,Monster Beverage,S&P500,,,
149.0,BK,BNY Mellon,S&P500,,,
150.0,DELL,Dell Technologies,S&P500,,,
151.0,CDNS,Cadence Design Systems,S&P500,,,
152.0,CTAS,Cintas,S&P500,,,
153.0,MCO,Moody's Corporation,S&P500,,,
154.0,ORLY,O'Reilly Auto Parts,S&P500,,,
155.0,CSX,CSX Corporation,S&P500,,,
156.0,ABNB,Airbnb,S&P500,,,
157.0,MSI,Motorola Solutions,S&P500,,,
158.0,CL,Colgate-Palmolive,S&P500,,,
159.0,SLB,Schlumberger,S&P500,,,
160.0,DASH,DoorDash,S&P500,,,
161.0,ELV,Elevance Health,S&P500,,,
162.0,TDG,TransDigm Group,S&P500,,,
163.0,MDLZ,Mondelez International,S&P500,,,
164.0,CI,Cigna,S&P500,,,
165.0,GM,General Motors,S&P500,,,
166.0,KMI,Kinder Morgan,S&P500,,,
167.0,HLT,Hilton Worldwide,S&P500,,,
168.0,WBD,Warner Bros. Discovery,S&P500,,,
169.0,NSC,Norfolk Southern Railway,S&P500,,,
170.0,COR,Cencora,S&P500,,,
171.0,AEP,American Electric Power,S&P500,,,
172.0,AON,Aon,S&P500,,,
173.0,APO,Apollo Global Management,S&P500,,,
174.0,TEL,TE Connectivity,S&P500,,,
175.0,HOOD,"Robinhood Markets, Inc.",S&P500,,,
176.0,RSG,Republic Services,S&P500,,,
177.0,PCAR,Paccar,S&P500,,,
178.0,EOG,EOG Resources,S&P500,,,
179.0,LHX,L3Harris,S&P500,,,
180.0,TFC,Truist Financial,S&P500,,,
181.0,TRV,Travelers Companies (The),S&P500,,,
182.0,SPG,Simon Property Group,S&P500,,,
183.0,ROST,Ross Stores,S&P500,,,
184.0,PSX,Phillips 66,S&P500,,,
185.0,APD,Air Products,S&P500,,,
186.0,AZO,AutoZone,S&P500,,,
187.0,BKR,Baker Hughes,S&P500,,,
188.0,VLO,Valero Energy,S&P500,,,
189.0,SRE,Sempra,S&P500,,,
190.0,O,Realty Income,S&P500,,,
191.0,DLR,Digital Realty,S&P500,,,
192.0,FTNT,Fortinet,S&P500,,,
193.0,AFL,Aflac,S&P500,,,
194.0,MPWR,Monolithic Power Systems,S&P500,,,
195.0,NXPI,NXP Semiconductors,S&P500,,,
196.0,VST,Vistra Corp.,S&P500,,,
197.0,MPC,Marathon Petroleum,S&P500,,,
198.0,URI,United Rentals,S&P500,,,
199.0,D,Dominion Energy,S&P500,,,
200.0,F,Ford Motor Company,S&P500,,,
201.0,AJG,Arthur J. Gallagher & Co.,S&P500,,,
202.0,OKE,ONEOK,S&P500,,,
203.0,ZTS,Zoetis,S&P500,,,
204.0,AME,Ametek,S&P500,,,
205.0,ALL,Allstate,S&P500,,,
206.0,CARR,Carrier Global,S&P500,,,
207.0,GWW,W. W. Grainger,S&P500,,,
208.0,PSA,Public Storage,S&P500,,,
209.0,FAST,Fastenal,S&P500,,,
210.0,TGT,Target Corporation,S&P500,,,
211.0,CAH,Cardinal Health,S&P500,,,
212.0,BDX,Becton Dickinson,S&P500,,,
213.0,MET,MetLife,S&P500,,,
214.0,FIX,"Comfort Systems USA, Inc.",S&P500,,,
215.0,CTVA,Corteva,S&P500,,,
216.0,OXY,Occidental Petroleum,S&P500,,,
217.0,TER,Teradyne,S&P500,,,
218.0,IDXX,Idexx Laboratories,S&P500,,,
219.0,EA,Electronic Arts,S&P500,,,
220.0,FANG,Diamondback Energy,S&P500,,,
221.0,TRGP,Targa Resources,S&P500,,,
222.0,CMG,Chipotle Mexican Grill,S&P500,,,
223.0,EXC,Exelon,S&P500,,,
224.0,FITB,Fifth Third Bancorp,S&P500,,,
225.0,XEL,Xcel Energy,S&P500,,,
226.0,ADSK,Autodesk,S&P500,,,
227.0,GRMN,Garmin,S&P500,,,
228.0,CVNA,Carvana Co.,S&P500,,,
229.0,DHI,D. R. Horton,S&P500,,,
230.0,CIEN,Ciena Corporation,S&P500,,,
231.0,ETR,Entergy,S&P500,,,
232.0,NDAQ,"Nasdaq, Inc.",S&P500,,,
233.0,EW,Edwards Lifesciences,S&P500,,,
234.0,DAL,Delta Air Lines,S&P500,,,
235.0,COIN,Coinbase Global,S&P500,,,
236.0,YUM,Yum! Brands,S&P500,,,
237.0,WAB,Wabtec,S&P500,,,
238.0,HSY,Hershey Company (The),S&P500,,,
239.0,ROK,Rockwell Automation,S&P500,,,
240.0,CCL,Carnival,S&P500,,,
241.0,CBRE,CBRE Group,S&P500,,,
242.0,SYY,Sysco,S&P500,,,
243.0,AIG,American International Group,S&P500,,,
244.0,AMP,Ameriprise Financial,S&P500,,,
245.0,PEG,Public Service Enterprise Group,S&P500,,,
246.0,ODFL,Old Dominion,S&P500,,,
247.0,MCHP,Microchip Technology,S&P500,,,
248.0,KR,Kroger,S&P500,,,
249.0,KEYS,Keysight Technologies,S&P500,,,
250.0,MLM,Martin Marietta Materials,S&P500,,,
251.0,EL,Estée Lauder Companies (The),S&P500,,,
252.0,NUE,Nucor,S&P500,,,
253.0,VTR,Ventas,S&P500,,,
254.0,DDOG,Datadog,S&P500,,,
255.0,PCG,PG&E Corporation,S&P500,,,
256.0,VMC,Vulcan Materials Company,S&P500,,,
257.0,KDP,Keurig Dr Pepper,S&P500,,,
258.0,MSCI,MSCI,S&P500,,,
259.0,EBAY,eBay,S&P500,,,
260.0,ED,Consolidated Edison,S&P500,,,
261.0,HIG,Hartford (The),S&P500,,,
262.0,LVS,Las Vegas Sands,S&P500,,,
263.0,NRG,NRG Energy,S&P500,,,
264.0,GEHC,GE HealthCare,S&P500,,,
265.0,PYPL,PayPal,S&P500,,,
266.0,CCI,Crown Castle,S&P500,,,
267.0,LYV,Live Nation Entertainment,S&P500,,,
268.0,EQT,EQT Corporation,S&P500,,,
269.0,RMD,ResMed,S&P500,,,
270.0,IR,Ingersoll Rand,S&P500,,,
271.0,WEC,WEC Energy Group,S&P500,,,
272.0,TTWO,Take-Two Interactive,S&P500,,,
273.0,UAL,United Airlines Holdings,S&P500,,,
274.0,HBAN,Huntington Bancshares,S&P500,,,
275.0,EME,"EMCOR Group, Inc.",S&P500,,,
276.0,WDAY,"Workday, Inc.",S&P500,,,
277.0,KMB,Kimberly-Clark,S&P500,,,
278.0,OTIS,Otis Worldwide,S&P500,,,
279.0,PRU,Prudential Financial,S&P500,,,
280.0,KVUE,Kenvue,S&P500,,,
281.0,ROP,Roper Technologies,S&P500,,,
282.0,MTB,M&T Bank,S&P500,,,
283.0,STT,State Street Corporation,S&P500,,,
284.0,ACGL,Arch Capital Group,S&P500,,,
285.0,CPRT,Copart,S&P500,,,
286.0,A,Agilent Technologies,S&P500,,,
287.0,AXON,Axon Enterprise,S&P500,,,
288.0,TPL,Texas Pacific Land Corporation,S&P500,,,
289.0,DG,Dollar General,S&P500,,,
290.0,IBKR,Interactive Brokers Group,S&P500,,,
291.0,FISV,"Fiserv, Inc.",S&P500,,,
292.0,PAYX,Paychex,S&P500,,,
293.0,WAT,Waters Corporation,S&P500,,,
294.0,IRM,Iron Mountain,S&P500,,,
295.0,ADM,Archer Daniels Midland,S&P500,,,
296.0,EXR,Extra Space Storage,S&P500,,,
297.0,XYZ,"Block, Inc.",S&P500,,,
298.0,VICI,Vici Properties,S&P500,,,
299.0,FICO,Fair Isaac,S&P500,,,
300.0,TPR,"Tapestry, Inc.",S&P500,,,
301.0,DOV,Dover Corporation,S&P500,,,
302.0,TDY,Teledyne Technologies,S&P500,,,
303.0,XYL,Xylem Inc.,S&P500,,,
304.0,RJF,Raymond James Financial,S&P500,,,
305.0,CTSH,Cognizant,S&P500,,,
306.0,AEE,Ameren,S&P500,,,
307.0,ULTA,Ulta Beauty,S&P500,,,
308.0,CBOE,Cboe Global Markets,S&P500,,,
309.0,DTE,DTE Energy,S&P500,,,
310.0,ATO,Atmos Energy,S&P500,,,
311.0,ROL,"Rollins, Inc.",S&P500,,,
312.0,HAL,Halliburton,S&P500,,,
313.0,CHTR,Charter Communications,S&P500,,,
314.0,FE,FirstEnergy,S&P500,,,
315.0,KHC,Kraft Heinz,S&P500,,,
316.0,LEN,Lennar,S&P500,,,
317.0,WTW,Willis Towers Watson,S&P500,,,
318.0,JBL,Jabil,S&P500,,,
319.0,HPE,Hewlett Packard Enterprise,S&P500,,,
320.0,PPG,PPG Industries,S&P500,,,
321.0,EIX,Edison International,S&P500,,,
322.0,STLD,Steel Dynamics,S&P500,,,
323.0,BIIB,Biogen,S&P500,,,
324.0,DXCM,Dexcom,S&P500,,,
325.0,IQV,IQVIA,S&P500,,,
326.0,CNP,CenterPoint Energy,S&P500,,,
327.0,HUBB,Hubbell Incorporated,S&P500,,,
328.0,MTD,Mettler Toledo,S&P500,,,
329.0,TSCO,Tractor Supply,S&P500,,,
330.0,CFG,Citizens Financial Group,S&P500,,,
331.0,PPL,PPL Corporation,S&P500,,,
332.0,ES,Eversource Energy,S&P500,,,
333.0,DVN,Devon Energy,S&P500,,,
334.0,ON,ON Semiconductor,S&P500,,,
335.0,ARES,Ares Management Corporation,S&P500,,,
336.0,STZ,Constellation Brands,S&P500,,,
337.0,NTRS,Northern Trust,S&P500,,,
338.0,PHM,PulteGroup,S&P500,,,
339.0,WRB,W. R. Berkley Corporation,S&P500,,,
340.0,DLTR,Dollar Tree,S&P500,,,
341.0,OMC,Omnicom Group,S&P500,,,
342.0,RF,Regions Financial Corporation,S&P500,,,
343.0,FSLR,First Solar,S&P500,,,
344.0,EXE,Expand Energy,S&P500,,,
345.0,WSM,Williams-Sonoma,S&P500,,,
346.0,LUV,Southwest Airlines,S&P500,,,
347.0,SYF,Synchrony Financial,S&P500,,,
348.0,SW,Smurfit WestRock,S&P500,,,
349.0,FIS,Fidelity National Information Services,S&P500,,,
350.0,VRSK,Verisk Analytics,S&P500,,,
351.0,CINF,Cincinnati Financial,S&P500,,,
352.0,AWK,American Water Works,S&P500,,,
353.0,AVB,AvalonBay Communities,S&P500,,,
354.0,DRI,Darden Restaurants,S&P500,,,
355.0,EXPE,Expedia Group,S&P500,,,
356.0,IP,International Paper,S&P500,,,
357.0,CPAY,Corpay,S&P500,,,
358.0,STE,Steris,S&P500,,,
359.0,KEY,KeyCorp,S&P500,,,
360.0,CHD,Church & Dwight,S&P500,,,
361.0,EQR,Equity Residential,S&P500,,,
362.0,GIS,General Mills,S&P500,,,
363.0,EFX,Equifax,S&P500,,,
364.0,Q,Qnity Electronics,S&P500,,,
365.0,CTRA,Coterra,S&P500,,,
366.0,BRO,Brown & Brown,S&P500,,,
367.0,BG,Bunge Global,S&P500,,,
368.0,LH,LabCorp,S&P500,,,
369.0,AMCR,Amcor,S&P500,,,
370.0,RL,Ralph Lauren Corporation,S&P500,,,
371.0,CMS,CMS Energy,S&P500,,,
372.0,VLTO,Veralto,S&P500,,,
373.0,GPN,Global Payments,S&P500,,,
374.0,HUM,Humana,S&P500,,,
375.0,L,Loews Corporation,S&P500,,,
376.0,CHRW,C.H. Robinson,S&P500,,,
377.0,TSN,Tyson Foods,S&P500,,,
378.0,DGX,Quest Diagnostics,S&P500,,,
379.0,LDOS,Leidos,S&P500,,,
380.0,LULU,Lululemon Athletica,S&P500,,,
381.0,NI,NiSource,S&P500,,,
382.0,DOW,Dow Inc.,S&P500,,,
383.0,JBHT,J.B. Hunt,S&P500,,,
384.0,PKG,Packaging Corporation of America,S&P500,,,
385.0,SBAC,SBA Communications,S&P500,,,
386.0,CNC,Centene Corporation,S&P500,,,
387.0,NVR,"NVR, Inc.",S&P500,,,
388.0,CSGP,CoStar Group,S&P500,,,
389.0,EXPD,Expeditors International,S&P500,,,
390.0,IFF,International Flavors & Fragrances,S&P500,,,
391.0,PFG,Principal Financial Group,S&P500,,,
392.0,TROW,T. Rowe Price,S&P500,,,
393.0,BR,Broadridge Financial Solutions,S&P500,,,
394.0,DD,DuPont,S&P500,,,
395.0,NTAP,NetApp,S&P500,,,
396.0,INCY,Incyte,S&P500,,,
397.0,SNA,Snap-on,S&P500,,,
398.0,ALB,Albemarle Corporation,S&P500,,,
399.0,VRSN,Verisign,S&P500,,,
400.0,ZBH,Zimmer Biomet,S&P500,,,
401.0,LII,Lennox International,S&P500,,,
402.0,MRNA,Moderna,S&P500,,,
403.0,SMCI,Supermicro,S&P500,,,
404.0,EVRG,Evergy,S&P500,,,
405.0,PTC,PTC Inc.,S&P500,,,
406.0,MKC,McCormick & Company,S&P500,,,
407.0,VTRS,Viatris,S&P500,,,
408.0,FTV,Fortive,S&P500,,,
409.0,LNT,Alliant Energy,S&P500,,,
410.0,LYB,LyondellBasell,S&P500,,,
411.0,WY,Weyerhaeuser,S&P500,,,
412.0,BALL,Ball Corporation,S&P500,,,
413.0,TXT,Textron,S&P500,,,
414.0,WST,West Pharmaceutical Services,S&P500,,,
415.0,HII,Huntington Ingalls Industries,S&P500,,,
416.0,HPQ,HP Inc.,S&P500,,,
417.0,PODD,Insulet Corporation,S&P500,,,
418.0,APTV,Aptiv,S&P500,,,
419.0,DECK,Deckers Brands,S&P500,,,
420.0,HOLX,Hologic,S&P500,,,
421.0,PNR,Pentair,S&P500,,,
422.0,TKO,TKO Group Holdings,S&P500,,,
423.0,COO,Cooper Companies (The),S&P500,,,
424.0,GPC,Genuine Parts Company,S&P500,,,
425.0,ESS,Essex Property Trust,S&P500,,,
426.0,CDW,CDW,S&P500,,,
427.0,J,Jacobs Solutions,S&P500,,,
428.0,NDSN,Nordson Corporation,S&P500,,,
429.0,TRMB,Trimble Inc.,S&P500,,,
430.0,FFIV,"F5, Inc.",S&P500,,,
431.0,KIM,Kimco Realty,S&P500,,,
432.0,MAA,Mid-America Apartment Communities,S&P500,,,
433.0,IEX,IDEX Corporation,S&P500,,,
434.0,INVH,Invitation Homes,S&P500,,,
435.0,MAS,Masco,S&P500,,,
436.0,AVY,Avery Dennison,S&P500,,,
437.0,CF,CF Industries,S&P500,,,
438.0,CLX,Clorox,S&P500,,,
439.0,BEN,Franklin Resources,S&P500,,,
440.0,UHS,Universal Health Services,S&P500,,,
441.0,ERIE,Erie Indemnity,S&P500,,,
442.0,SWK,Stanley Black & Decker,S&P500,,,
443.0,HAS,Hasbro,S&P500,,,
444.0,REG,Regency Centers,S&P500,,,
445.0,HST,Host Hotels & Resorts,S&P500,,,
446.0,ALLE,Allegion,S&P500,,,
447.0,EG,Everest Group,S&P500,,,
448.0,BF.B,Brown–Forman,S&P500,,,
449.0,HRL,Hormel Foods,S&P500,,,
450.0,TYL,Tyler Technologies,S&P500,,,
451.0,ALGN,Align Technology,S&P500,,,
452.0,AKAM,Akamai Technologies,S&P500,,,
453.0,GEN,Gen Digital,S&P500,,,
454.0,BBY,Best Buy,S&P500,,,
455.0,GNRC,Generac,S&P500,,,
456.0,DPZ,Domino's,S&P500,,,
457.0,SOLV,Solventum,S&P500,,,
458.0,ZBRA,Zebra Technologies,S&P500,,,
459.0,GDDY,GoDaddy,S&P500,,,
460.0,BLDR,Builders FirstSource,S&P500,,,
461.0,UDR,"UDR, Inc.",S&P500,,,
462.0,TTD,"The Trade Desk, Inc.",S&P500,,,
463.0,WYNN,Wynn Resorts,S&P500,,,
464.0,PSKY,Paramount Skydance Corp,S&P500,,,
465.0,DOC,Healthpeak Properties,S&P500,,,
466.0,SJM,J.M. Smucker Company (The),S&P500,,,
467.0,PNW,Pinnacle West,S&P500,,,
468.0,AES,AES Corporation,S&P500,,,
469.0,IVZ,Invesco,S&P500,,,
470.0,FOX,Fox Corporation (Class B),S&P500,,,
471.0,GL,Globe Life,S&P500,,,
472.0,JKHY,Jack Henry & Associates,S&P500,,,
473.0,FOXA,Fox Corporation (Class A),S&P500,,,
474.0,RVTY,Revvity,S&P500,,,
475.0,AIZ,Assurant,S&P500,,,
476.0,BAX,Baxter International,S&P500,,,
477.0,CPT,Camden Property Trust,S&P500,,,
478.0,NCLH,Norwegian Cruise Line Holdings,S&P500,,,
479.0,IT,Gartner,S&P500,,,
480.0,AOS,A. O. Smith,S&P500,,,
481.0,APA,APA Corporation,S&P500,,,
482.0,DVA,DaVita,S&P500,,,
483.0,TAP,Molson Coors Beverage Company,S&P500,,,
484.0,BXP,"BXP, Inc.",S&P500,,,
485.0,MGM,MGM Resorts,S&P500,,,
486.0,HSIC,Henry Schein,S&P500,,,
487.0,MOS,Mosaic Company (The),S&P500,,,
488.0,ARE,Alexandria Real Estate Equities,S&P500,,,
489.0,FRT,Federal Realty Investment Trust,S&P500,,,
490.0,SWKS,Skyworks Solutions,S&P500,,,
491.0,TECH,Bio-Techne,S&P500,,,
492.0,CAG,Conagra Brands,S&P500,,,
493.0,NWSA,News Corp (Class A),S&P500,,,
494.0,CRL,Charles River Laboratories,S&P500,,,
495.0,POOL,Pool Corporation,S&P500,,,
496.0,CPB,Campbell Soup Company,S&P500,,,
497.0,MOH,Molina Healthcare,S&P500,,,
498.0,EPAM,EPAM Systems,S&P500,,,
499.0,MTCH,Match Group,S&P500,,,
500.0,FDS,FactSet,S&P500,,,
501.0,LW,Lamb Weston,S&P500,,,
502.0,PAYC,Paycom,S&P500,,,
503.0,NWS,News Corp (Class B),S&P500,,,
11.0,ASML,ASML Holding,Nasdaq100,,,
30.0,SHOP,Shopify,Nasdaq100,,,
33.0,PDD,PDD Holdings,Nasdaq100,,,
35.0,ARM,Arm Holdings,Nasdaq100,,,
44.0,MELI,MercadoLibre,Nasdaq100,,,
63.0,MRVL,Marvell Technology,Nasdaq100,,,
70.0,FER,Ferrovial SE,Nasdaq100,,,
77.0,CCEP,Coca-Cola Europacific Partners,Nasdaq100,,,
78.0,ALNY,Alnylam Pharmaceuticals,Nasdaq100,,,
79.0,MSTR,MicroStrategy Inc.,Nasdaq100,,,
86.0,TRI,Thomson Reuters Corporation,Nasdaq100,,,
91.0,INSM,Insmed Incorporated,Nasdaq100,,,
98.0,ZS,Zscaler,Nasdaq100,,,
101.0,TEAM,Atlassian,Nasdaq100,,,
1.0,III,3i,FTSE100,,,
3.0,AAF,Airtel Africa,FTSE100,,,
4.0,ALW,Alliance Witan,FTSE100,,,
5.0,AAL,Anglo American plc,FTSE100,,,
6.0,ANTO,Antofagasta plc,FTSE100,,,
7.0,AHT,Ashtead Group,FTSE100,,,
8.0,ABF,Associated British Foods,FTSE100,,,
9.0,AZN,AstraZeneca,FTSE100,,,
10.0,AUTO,Autotrader Group,FTSE100,,,
11.0,AV,Aviva,FTSE100,,,
12.0,BAB,Babcock International,FTSE100,,,
14.0,BARC,Barclays,FTSE100,,,
15.0,BTRW,Barratt Redrow,FTSE100,,,
16.0,BEZ,Beazley,FTSE100,,,
17.0,BKG,Berkeley Group Holdings,FTSE100,,,
18.0,BP,BP,FTSE100,,,
19.0,BATS,British American Tobacco,FTSE100,,,
20.0,BLND,British Land,FTSE100,,,
21.0,BT-A,BT Group,FTSE100,,,
22.0,BNZL,Bunzl,FTSE100,,,
23.0,BRBY,Burberry Group,FTSE100,,,
24.0,CNA,Centrica,FTSE100,,,
26.0,CCH,Coca-Cola HBC,FTSE100,,,
27.0,CPG,Compass Group,FTSE100,,,
28.0,CTEC,Convatec,FTSE100,,,
29.0,CRDA,Croda International,FTSE100,,,
30.0,DCC,DCC plc,FTSE100,,,
31.0,DGE,Diageo,FTSE100,,,
32.0,DPLM,Diploma,FTSE100,,,
33.0,EDV,Endeavour Mining,FTSE100,,,
34.0,ENT,Entain,FTSE100,,,
35.0,EZJ,EasyJet,FTSE100,,,
36.0,EXPN,Experian,FTSE100,,,
37.0,FCIT,F & C Investment Trust,FTSE100,,,
38.0,FRES,Fresnillo plc,FTSE100,,,
39.0,GAW,Games Workshop,FTSE100,,,
40.0,GLEN,Glencore,FTSE100,,,
41.0,GSK,GSK plc,FTSE100,,,
42.0,HLN,Haleon,FTSE100,,,
43.0,HLMA,Halma plc,FTSE100,,,
44.0,HIK,Hikma Pharmaceuticals,FTSE100,,,
45.0,HSX,Hiscox,FTSE100,,,
46.0,HWDN,Howdens Joinery,FTSE100,,,
47.0,HSBA,HSBC,FTSE100,,,
48.0,ICG,ICG,FTSE100,,,
49.0,IHG,IHG Hotels & Resorts,FTSE100,,,
50.0,IMI,IMI,FTSE100,,,
51.0,IMB,Imperial Brands,FTSE100,,,
52.0,INF,Informa,FTSE100,,,
53.0,IAG,International Airlines Group,FTSE100,,,
54.0,ITRK,Intertek,FTSE100,,,
55.0,JD,JD Sports,FTSE100,,,
56.0,KGF,Kingfisher plc,FTSE100,,,
57.0,LAND,Land Securities,FTSE100,,,
58.0,LGEN,Legal & General,FTSE100,,,
59.0,LLOY,Lloyds Banking Group,FTSE100,,,
60.0,LMP,LondonMetric Property,FTSE100,,,
61.0,LSEG,London Stock Exchange Group,FTSE100,,,
62.0,MNG,M&G,FTSE100,,,
63.0,MKS,Marks & Spencer,FTSE100,,,
64.0,MRO,Melrose Industries,FTSE100,,,
65.0,MTLN,Metlen Energy & Metals,FTSE100,,,
66.0,MNDI,Mondi,FTSE100,,,
67.0,NG,National Grid plc,FTSE100,,,
68.0,NWG,NatWest Group,FTSE100,,,
69.0,NXT,Next plc,FTSE100,,,
70.0,PSON,Pearson plc,FTSE100,,,
71.0,PSH,Pershing Square Holdings,FTSE100,,,
72.0,PSN,Persimmon,FTSE100,,,
73.0,PHNX,Phoenix Group,FTSE100,,,
74.0,PCT,Polar Capital Technology Trust,FTSE100,,,
76.0,RKT,Reckitt,FTSE100,,,
77.0,REL,RELX,FTSE100,,,
78.0,RTO,Rentokil Initial,FTSE100,,,
79.0,RMV,Rightmove,FTSE100,,,
80.0,RIO,Rio Tinto,FTSE100,,,
81.0,RR,Rolls-Royce Holdings,FTSE100,,,
82.0,SGE,Sage Group,FTSE100,,,
83.0,SBRY,Sainsbury's,FTSE100,,,
84.0,SDR,Schroders,FTSE100,,,
85.0,SMT,Scottish Mortgage Investment Trust,FTSE100,,,
86.0,SGRO,Segro,FTSE100,,,
87.0,SVT,Severn Trent,FTSE100,,,
88.0,SHEL,Shell plc,FTSE100,,,
89.0,SMIN,Smiths Group,FTSE100,,,
90.0,SN,Smith & Nephew,FTSE100,,,
91.0,SPX,Spirax Group,FTSE100,,,
92.0,SSE,SSE plc,FTSE100,,,
93.0,STAN,Standard Chartered,FTSE100,,,
94.0,STJ,St. James's Place,FTSE100,,,
96.0,ULVR,Unilever,FTSE100,,,
97.0,UU,United Utilities,FTSE100,,,
98.0,VOD,Vodafone Group,FTSE100,,,
99.0,WEIR,Weir Group,FTSE100,,,
100.0,WTB,Whitbread,FTSE100,,,
1.0,BTC-USD,Bitcoin,Crypto,,,
2.0,ETH-USD,Ethereum,Crypto,,,
3.0,USDT-USD,Tether,Crypto,,,
4.0,BNB-USD,BNB,Crypto,,,
5.0,XRP-USD,XRP,Crypto,,,
6.0,USDC-USD,USD Coin,Crypto,,,
7.0,SOL-USD,Solana,Crypto,,,
8.0,TRX-USD,TRON,Crypto,,,
9.0,DOGE-USD,Dogecoin,Crypto,,,
10.0,ADA-USD,Cardano,Crypto,,,
11.0,BCH-USD,Bitcoin Cash,Crypto,,,
12.0,LEO-USD,UNUS SED LEO,Crypto,,,
13.0,HYPE-USD,Hyperliquid,Crypto,,,
14.0,XMR-USD,Monero,Crypto,,,
15.0,LINK-USD,Chainlink,Crypto,,,
16.0,CC-USD,Canton,Crypto,,,
17.0,USDE-USD,Ethena USDe,Crypto,,,
18.0,DAI-USD,Dai,Crypto,,,
19.0,XLM-USD,Stellar,Crypto,,,
20.0,HBAR-USD,Hedera,Crypto,,,
21.0,LTC-USD,Litecoin,Crypto,,,
22.0,PYUSD-USD,PayPal USD,Crypto,,,
23.0,AVAX-USD,Avalanche,Crypto,,,
24.0,SUI-USD,Sui,Crypto,,,
25.0,ZEC-USD,Zcash,Crypto,,,
26.0,SHIB-USD,Shiba Inu,Crypto,,,
27.0,CRO-USD,Cronos,Crypto,,,
28.0,TON-USD,Toncoin,Crypto,,,
29.0,WLFI-USD,World Liberty Financial,Crypto,,,
30.0,DOT-USD,Polkadot,Crypto,,,
31.0,UNI-USD,Uniswap,Crypto,,,
32.0,MNT-USD,Mantle,Crypto,,,
33.0,TAO-USD,Bittensor,Crypto,,,
34.0,AAVE-USD,Aave,Crypto,,,
35.0,NEAR-USD,NEAR Protocol,Crypto,,,
36.0,ASTER-USD,Aster,Crypto,,,
37.0,SKY-USD,Sky,Crypto,,,
38.0,OKB-USD,OKB,Crypto,,,
39.0,PEPE-USD,Pepe,Crypto,,,
40.0,ETC-USD,Ethereum Classic,Crypto,,,
41.0,ICP-USD,Internet Computer,Crypto,,,
42.0,ONDO-USD,Ondo,Crypto,,,
43.0,WLD-USD,Worldcoin,Crypto,,,
44.0,POL-USD,Polygon,Crypto,,,
45.0,ENA-USD,Ethena,Crypto,,,
46.0,ATOM-USD,Cosmos,Crypto,,,
47.0,KAS-USD,Kaspa,Crypto,,,
48.0,APT-USD,Aptos,Crypto,,,
49.0,RENDER-USD,Render,Crypto,,,
50.0,FIL-USD,Filecoin,Crypto,,,
,NRDY,,,,,
,BIVI,,,,,
,VIV,,,,,
,PRAA,,,,,
,SHMD,,,,,
,UFPI,,,,,
,EVCM,,,,,
,DEA,,,,,
,EFC,,,,,
,NMFC,,,,,
,CAKE,,,,,
,SFNC,,,,,
,FRSH,,,,,
,NBIS,,,,,
,YSG,,,,,
,PXED,,,,,
,EXTR,,,,,
,BIOX,,,,,
,VHI,,,,,
,CTOS,,,,,
,KMPR,,,,,
,AMTD,,,,,
,UPST,,,,,
,ELLO,,,,,
,LGIH,,,,,
,TU,,,,,
,CREX,,,,,
,NUVL,,,,,
,STRZ,,,,,
,HRB,,,,,
,AKTS,,,,,
,CCO,,,,,
,LOVE,,,,,
,PEB,,,,,
,IDT,,,,,
,NIPG,,,,,
,SLDE,,,,,
,CNF,,,,,
,GPI,,,,,
,IMXI,,,,,
,AIP,,,,,
,ARKO,,,,,
,AEO,,,,,
,CCB,,,,,
,CGAU,,,,,
,FOA,,,,,
,FLEX,,,,,
,DBX,,,,,
,BILL,,,,,
,LTRN,,,,,
,VHC,,,,,
,AS,,,,,
,ATLC,,,,,
,MLR,,,,,
,AUNA,,,,,
,WH,,,,,
,YXT,,,,,
,STIM,,,,,
,NXTT,,,,,
,JUNS,,,,,
,AMTM,,,,,
,GEOS,,,,,
,QTWO,,,,,
,PRLB,,,,,
,ALHC,,,,,
,HOPE,,,,,
,NNDM,,,,,
,DNOW,,,,,
,DXLG,,,,,
,WWD,,,,,
,CLAR,,,,,
,ATR,,,,,
,JILL,,,,,
,LSPD,,,,,
,FWRD,,,,,
,NEOG,,,,,
,CATY,,,,,
,AGYS,,,,,
,IAUX,,,,,
,SMWB,,,,,
,NMRA,,,,,
,KLRS,,,,,
,TRSG,,,,,
,HIW,,,,,
,SPXC,,,,,
,DCO,,,,,
,SWX,,,,,
,AEON,,,,,
,ZG,,,,,
,RCUS,,,,,
,POR,,,,,
,FLUX,,,,,
,LOAR,,,,,
,ESTA,,,,,
,LPX,,,,,
,WKC,,,,,
,RHLD,,,,,
,AAON,,,,,
,SBSI,,,,,
,ZVRA,,,,,
,PRTS,,,,,
,URGN,,,,,
,HBM,,,,,
,GERN,,,,,
,NKTX,,,,,
,KMTS,,,,,
,AMLX,,,,,
,MIDD,,,,,
,TASK,,,,,
,WW,,,,,
,GNE,,,,,
,NUAI,,,,,
,SIGI,,,,,
,PKOH,,,,,
,BTDR,,,,,
,SAH,,,,,
,STUB,,,,,
,RSKD,,,,,
,GDEV,,,,,
,NAT,,,,,
,PBH,,,,,
,AMRZ,,,,,
,ARI,,,,,
,BY,,,,,
,ANF,,,,,
,KPTI,,,,,
,AIMD,,,,,
,VLN,,,,,
,PICS,,,,,
,SCCO,,,,,
,LBGJ,,,,,
,PRIM,,,,,
,NX,,,,,
,LXP,,,,,
,EBC,,,,,
,APPF,,,,,
,IOT,,,,,
,CTNM,,,,,
,NYT,,,,,
,UONEK,,,,,
,VIR,,,,,
,ALLO,,,,,
,UVE,,,,,
,GRDN,,,,,
,LNZA,,,,,
,KURA,,,,,
,WTF,,,,,
,REBN,,,,,
,CWAN,,,,,
,KOS,,,,,
,CRIS,,,,,
,TFX,,,,,
,FPI,,,,,
,ONC,,,,,
,DIN,,,,,
,ACHR,,,,,
,OBK,,,,,
,UGP,,,,,
,HNI,,,,,
,INR,,,,,
,PHUN,,,,,
,MOD,,,,,
,NHTC,,,,,
,CELC,,,,,
,TDC,,,,,
,SNDA,,,,,
,AMPX,,,,,
,FIVE,,,,,
,CATO,,,,,
,SCM,,,,,
,GSL,,,,,
,NVT,,,,,
,XTIA,,,,,
,ARGX,,,,,
,ADXN,,,,,
,BYD,,,,,
,LXRX,,,,,
,LPRO,,,,,
,ACB,,,,,
,VRCA,,,,,
,LFS,,,,,
,INGM,,,,,
,DLO,,,,,
,ROOT,,,,,
,AZZ,,,,,
,TDOC,,,,,
,SLDP,,,,,
,SHLS,,,,,
,MAN,,,,,
,FWONK,,,,,
,CLRO,,,,,
,COTY,,,,,
,ISSC,,,,,
,EPOW,,,,,
,ENLT,,,,,
,BKH,,,,,
,WRN,,,,,
,AMC,,,,,
,WAY,,,,,
,TAYD,,,,,
,UFG,,,,,
,BNS,,,,,
,HNNA,,,,,
,PCRX,,,,,
,HITI,,,,,
,PAC,,,,,
,TONX,,,,,
,BTCS,,,,,
,GBTG,,,,,
,IBEX,,,,,
,MCRB,,,,,
,EUDA,,,,,
,ESCA,,,,,
,UG,,,,,
,BLMN,,,,,
,SGI,,,,,
,RDDT,,,,,
,AUR,,,,,
,PTEN,,,,,
,SPRU,,,,,
,POET,,,,,
,RBBN,,,,,
,GTN,,,,,
,EFSC,,,,,
,RLAY,,,,,
,TLYS,,,,,
,WTRG,,,,,
,SKYW,,,,,
,WMK,,,,,
,MBUU,,,,,
,SRPT,,,,,
,AMAL,,,,,
,DFH,,,,,
,VFF,,,,,
,KNOP,,,,,
,FLX,,,,,
,SURG,,,,,
,IBO,,,,,
,SHOO,,,,,
,EQBK,,,,,
,MPX,,,,,
,NC,,,,,
,SFIX,,,,,
,PUBM,,,,,
,IHRT,,,,,
,NEWT,,,,,
,SMBK,,,,,
,EYE,,,,,
,LMNR,,,,,
,CIB,,,,,
,JWEL,,,,,
,BTG,,,,,
,CCEC,,,,,
,XOS,,,,,
,LSF,,,,,
,HBT,,,,,
,BETA,,,,,
,ROC,,,,,
,CENT,,,,,
,NCTY,,,,,
,LTM,,,,,
,XNET,,,,,
,PRAX,,,,,
,TPG,,,,,
,TME,,,,,
,PENN,,,,,
,TGB,,,,,
,CNEY,,,,,
,MMSI,,,,,
,TATT,,,,,
,TTRX,,,,,
,ANAB,,,,,
,BIOA,,,,,
,TZOO,,,,,
,ESTC,,,,,
,RBA,,,,,
,WABC,,,,,
,UROY,,,,,
,SNEX,,,,,
,TOWN,,,,,
,KLAR,,,,,
,CRNX,,,,,
,CVM,,,,,
,VFS,,,,,
,FDP,,,,,
,S,,,,,
,TNET,,,,,
,ACVA,,,,,
,AHMA,,,,,
,TCBI,,,,,
,DARE,,,,,
,MLCO,,,,,
,CLMB,,,,,
,ADPT,,,,,
,BOOM,,,,,
,CVGI,,,,,
,WPC,,,,,
,LIF,,,,,
,LYTS,,,,,
,NTGR,,,,,
,PLBY,,,,,
,GFF,,,,,
,PRCH,,,,,
,LIVN,,,,,
,BOKF,,,,,
,BSET,,,,,
,MH,,,,,
,LBRDK,,,,,
,WEAV,,,,,
,EXPO,,,,,
,WEX,,,,,
,VNO,,,,,
,TCRT,,,,,
,BIO,,,,,
,SIBN,,,,,
,VERA,,,,,
,INDV,,,,,
,GHG,,,,,
,PERF,,,,,
,DKS,,,,,
,NOK,,,,,
,RNA,,,,,
,MASS,,,,,
,SCI,,,,,
,BZH,,,,,
,GPOR,,,,,
,STNE,,,,,
,FEIM,,,,,
,PRA,,,,,
,CVCO,,,,,
,ORIC,,,,,
,INUV,,,,,
,TANH,,,,,
,BDSX,,,,,
,KRC,,,,,
,PLSE,,,,,
,AMSC,,,,,
,CC,,,,,
,SWVL,,,,,
,ATI,,,,,
,KMDA,,,,,
,RDHL,,,,,
,FDSB,,,,,
,ZJK,,,,,
,TRIN,,,,,
,FND,,,,,
,TIL,,,,,
,BRIA,,,,,
,ITT,,,,,
,YMT,,,,,
,ALGS,,,,,
,LGO,,,,,
,LGPS,,,,,
,FBK,,,,,
,PRKS,,,,,
,GRRR,,,,,
,IBOC,,,,,
,WHF,,,,,
,EQX,,,,,
,HBIO,,,,,
,BNR,,,,,
,YHC,,,,,
,EIG,,,,,
,AFG,,,,,
,HALO,,,,,
,NMRK,,,,,
,ZLAB,,,,,
,FBLA,,,,,
,AGCC,,,,,
,NCPL,,,,,
,LAMR,,,,,
,GEF,,,,,
,BURL,,,,,
,LWLG,,,,,
,SSYS,,,,,
,EGBN,,,,,
,MMI,,,,,
,GOLF,,,,,
,BELFB,,,,,
,AHCO,,,,,
,SPRB,,,,,
,IMUX,,,,,
,GSBD,,,,,
,LZB,,,,,
,ZION,,,,,
,ARQQ,,,,,
,PROF,,,,,
,SAMG,,,,,
,ALKS,,,,,
,CRMT,,,,,
,AMWD,,,,,
,EDIT,,,,,
,HTLM,,,,,
,CLPT,,,,,
,PRDO,,,,,
,MEI,,,,,
,FLWS,,,,,
,MCHB,,,,,
,CENX,,,,,
,PDM,,,,,
,APYX,,,,,
,DHT,,,,,
,ACHC,,,,,
,MSM,,,,,
,BCC,,,,,
,KTOS,,,,,
,SUI,,,,,
,HBNC,,,,,
,BKD,,,,,
,DV,,,,,
,ITRI,,,,,
,KRNT,,,,,
,HP,,,,,
,CANG,,,,,
,FLNC,,,,,
,RDWR,,,,,
,ULH,,,,,
,MXL,,,,,
,MGPI,,,,,
,DSGN,,,,,
,NUTX,,,,,
,GLDG,,,,,
,WT,,,,,
,MBIN,,,,,
,MTX,,,,,
,SMBC,,,,,
,JHX,,,,,
,BRX,,,,,
,DNLI,,,,,
,CCC,,,,,
,BOLT,,,,,
,CNDT,,,,,
,QXO,,,,,
,CSV,,,,,
,ZTO,,,,,
,ONCY,,,,,
,NAVI,,,,,
,NRIM,,,,,
,TMQ,,,,,
,NNOX,,,,,
,VRE,,,,,
,JOYY,,,,,
,TRN,,,,,
,CWEN,,,,,
,SPRY,,,,,
,KB,,,,,
,TTAN,,,,,
,ADAM,,,,,
,PRSU,,,,,
,DYN,,,,,
,CTM,,,,,
,ABOS,,,,,
,XBIT,,,,,
,SRXH,,,,,
,BWIN,,,,,
,MSBI,,,,,
,SPB,,,,,
,DSP,,,,,
,TITN,,,,,
,YMM,,,,,
,MHK,,,,,
,HUHU,,,,,
,KRYS,,,,,
,STRS,,,,,
,FTRE,,,,,
,PDC,,,,,
,AVT,,,,,
,REKR,,,,,
,RGR,,,,,
,WULF,,,,,
,LFUS,,,,,
,CNI,,,,,
,ASR,,,,,
,ZM,,,,,
,SUPN,,,,,
,ETON,,,,,
,NUVB,,,,,
,MBC,,,,,
,FOSL,,,,,
,PBA,,,,,
,CSAN,,,,,
,PFIS,,,,,
,AGH,,,,,
,PI,,,,,
,LKQ,,,,,
,ELE,,,,,
,FLYW,,,,,
,RGA,,,,,
,PAY,,,,,
,LEN.B,,,,,
,SF,,,,,
,BIDU,,,,,
,ADC,,,,,
,OLED,,,,,
,CLB,,,,,
,ECPG,,,,,
,ATEN,,,,,
,SFD,,,,,
,ST,,,,,
,ARW,,,,,
,FBNC,,,,,
,FCFS,,,,,
,LTBR,,,,,
,LMB,,,,,
,INVX,,,,,
,HG,,,,,
,SGP,,,,,
,PAYO,,,,,
,UPB,,,,,
,NERV,,,,,
,NODK,,,,,
,QNCX,,,,,
,SEZL,,,,,
,CALY,,,,,
,SMG,,,,,
,FUBO,,,,,
,PAG,,,,,
,TECX,,,,,
,INO,,,,,
,GGG,,,,,
,OOMA,,,,,
,FIP,,,,,
,CRGY,,,,,
,ONON,,,,,
,STEP,,,,,
,EBF,,,,,
,RLI,,,,,
,SVV,,,,,
,LAES,,,,,
,XLO,,,,,
,CZNC,,,,,
,CISS,,,,,
,ACIU,,,,,
,YTRA,,,,,
,BFS,,,,,
,BWB,,,,,
,ASYS,,,,,
,KT,,,,,
,KOF,,,,,
,SKYT,,,,,
,FLS,,,,,
,TRAK,,,,,
,TROX,,,,,
,RSVR,,,,,
,MFIC,,,,,
,PNFP,,,,,
,SNCY,,,,,
,MXCT,,,,,
,HELP,,,,,
,NDLS,,,,,
,FC,,,,,
,CHH,,,,,
,BCAX,,,,,
,BLLN,,,,,
,AYA,,,,,
,LPTH,,,,,
,SSNC,,,,,
,ING,,,,,
,IMVT,,,,,
,ARWR,,,,,
,AVEX,,,,,
,JLL,,,,,
,CCOI,,,,,
,CRCL,,,,,
,SLF,,,,,
,BBW,,,,,
,NHI,,,,,
,BWA,,,,,
,YELP,,,,,
,DRVN,,,,,
,DPRO,,,,,
,QTTB,,,,,
,SHG,,,,,
,CYTK,,,,,
,YORW,,,,,
,BHE,,,,,
,ARLO,,,,,
,GT,,,,,
,ACT,,,,,
,EVR,,,,,
,NSIT,,,,,
,HMY,,,,,
,CUBI,,,,,
,ACEL,,,,,
,PRQR,,,,,
,FIGR,,,,,
,SKLZ,,,,,
,INV,,,,,
,GTBP,,,,,
,PLAY,,,,,
,ORGN,,,,,
,SCVL,,,,,
,PBFS,,,,,
,OSBC,,,,,
,OPRA,,,,,
,MHO,,,,,
,NEU,,,,,
,LILA,,,,,
,SENEB,,,,,
,IMAX,,,,,
,FFAI,,,,,
,TENB,,,,,
,NBIX,,,,,
,CCAP,,,,,
,PLRZ,,,,,
,LPLA,,,,,
,PFLT,,,,,
,KYTX,,,,,
,RAPP,,,,,
,AM,,,,,
,MORN,,,,,
,AGNC,,,,,
,OGN,,,,,
,ACXP,,,,,
,ARXS,,,,,
,FEDU,,,,,
,VRT,,,,,
,BGDE,,,,,
,AU,,,,,
,MT,,,,,
,MAIN,,,,,
,HEPS,,,,,
,SNDL,,,,,
,REYN,,,,,
,UHAL.B,,,,,
,PDSB,,,,,
,STM,,,,,
,FORR,,,,,
,TARS,,,,,
,BKU,,,,,
,EXOZ,,,,,
,PRK,,,,,
,CPF,,,,,
,PSNL,,,,,
,VG,,,,,
,CYH,,,,,
,IDYA,,,,,
,PAL,,,,,
,CVRX,,,,,
,CBNA,,,,,
,VAL,,,,,
,RZLV,,,,,
,CAAP,,,,,
,NTRA,,,,,
,PSTL,,,,,
,ACA,,,,,
,ALX,,,,,
,CHGG,,,,,
,WBI,,,,,
,RLGT,,,,,
,PAHC,,,,,
,YSXT,,,,,
,XZO,,,,,
,MRTN,,,,,
,IDA,,,,,
,GLNG,,,,,
,MSA,,,,,
,TS,,,,,
,ANGI,,,,,
,BZAI,,,,,
,CUBE,,,,,
,GOLD,,,,,
,GSIT,,,,,
,MESO,,,,,
,MRVI,,,,,
,AOSL,,,,,
,ATRC,,,,,
,XE,,,,,
,OIO,,,,,
,SMHI,,,,,
,ALSN,,,,,
,BSAC,,,,,
,CDZI,,,,,
,FLG,,,,,
,CADL,,,,,
,GNW,,,,,
,BDC,,,,,
,IXHL,,,,,
,SA,,,,,
,RBNE,,,,,
,SLVM,,,,,
,DJCO,,,,,
,MGEE,,,,,
,SSTI,,,,,
,GPK,,,,,
,POWL,,,,,
,ZH,,,,,
,JEF,,,,,
,BCO,,,,,
,AUGO,,,,,
,MNKD,,,,,
,VC,,,,,
,RVYL,,,,,
,ALLY,,,,,
,TRS,,,,,
,FULC,,,,,
,ZGN,,,,,
,NSP,,,,,
,FDMT,,,,,
,HLNE,,,,,
,DGNX,,,,,
,KROS,,,,,
,ALXO,,,,,
,KG,,,,,
,LBRT,,,,,
,DSGR,,,,,
,VUZI,,,,,
,TOST,,,,,
,AMN,,,,,
,SUNS,,,,,
,DLNG,,,,,
,ROG,,,,,
,OMER,,,,,
,CAL,,,,,
,TDAY,,,,,
,IONQ,,,,,
,NYAX,,,,,
,ORI,,,,,
,HTFL,,,,,
,PBF,,,,,
,ONTO,,,,,
,HQY,,,,,
,PGNY,,,,,
,IVR,,,,,
,MWH,,,,,
,PFX,,,,,
,ZDAI,,,,,
,PAM,,,,,
,EXFY,,,,,
,HTLD,,,,,
,COLB,,,,,
,ARVN,,,,,
,UPBD,,,,,
,HY,,,,,
,ENPH,,,,,
,BCYC,,,,,
,REE,,,,,
,SOC,,,,,
,ESEA,,,,,
,SMPL,,,,,
,ALRS,,,,,
,TBBB,,,,,
,NMR,,,,,
,NEGG,,,,,
,CDE,,,,,
,CMP,,,,,
,UDMY,,,,,
,SEG,,,,,
,MNDR,,,,,
,FCBC,,,,,
,SNSE,,,,,
,LEVI,,,,,
,DFTX,,,,,
,SIG,,,,,
,OKYO,,,,,
,XRAY,,,,,
,FLO,,,,,
,BRCB,,,,,
,OMSE,,,,,
,PMVP,,,,,
,AQB,,,,,
,PHVS,,,,,
,GH,,,,,
,INFY,,,,,
,BUD,,,,,
,HTHT,,,,,
,FVRR,,,,,
,SLG,,,,,
,CDNL,,,,,
,SIGA,,,,,
,VSTS,,,,,
,TMCI,,,,,
,VNET,,,,,
,PLMR,,,,,
,ILMN,,,,,
,LBRDA,,,,,
,CHA,,,,,
,ALLT,,,,,
,TNXP,,,,,
,PKE,,,,,
,AA,,,,,
,HYFM,,,,,
,CABA,,,,,
,APLS,,,,,
,GSHD,,,,,
,RELY,,,,,
,OSG,,,,,
,AVTX,,,,,
,GOSS,,,,,
,JCTC,,,,,
,UGI,,,,,
,OLMA,,,,,
,BWEN,,,,,
,CCRN,,,,,
,VIVO,,,,,
,VIPS,,,,,
,ALMS,,,,,
,GWRE,,,,,
,FHN,,,,,
,TCBK,,,,,
,XPL,,,,,
,AAP,,,,,
,STFS,,,,,
,GLXG,,,,,
,VTOL,,,,,
,NWPX,,,,,
,GNTX,,,,,
,RPID,,,,,
,SMA,,,,,
,ARBE,,,,,
,NBHC,,,,,
,BBAR,,,,,
,CPS,,,,,
,MLAB,,,,,
,USLM,,,,,
,EWTX,,,,,
,AMWL,,,,,
,SPT,,,,,
,FTHM,,,,,
,SCSC,,,,,
,BNGO,,,,,
,OWLS,,,,,
,BTE,,,,,
,WNC,,,,,
,THFF,,,,,
,CENN,,,,,
,REPX,,,,,
,MANH,,,,,
,IPGP,,,,,
,PNTG,,,,,
,DOYU,,,,,
,RYAN,,,,,
,ATER,,,,,
,DBVT,,,,,
,HMH,,,,,
,MDAI,,,,,
,TXRH,,,,,
,VSNT,,,,,
,SBRA,,,,,
,THC,,,,,
,RDVT,,,,,
,SLAB,,,,,
,POM,,,,,
,NMIH,,,,,
,WHR,,,,,
,BFC,,,,,
,SMTI,,,,,
,EHGO,,,,,
,NOTV,,,,,
,VCIG,,,,,
,AOUT,,,,,
,LCII,,,,,
,AQN,,,,,
,SIFY,,,,,
,ROKU,,,,,
,CROX,,,,,
,DSGX,,,,,
,OCUL,,,,,
,BSY,,,,,
,ORKT,,,,,
,HDSN,,,,,
,GIB,,,,,
,AKAN,,,,,
,VMI,,,,,
,WHD,,,,,
,GROV,,,,,
,COLD,,,,,
,GOGO,,,,,
,ASX,,,,,
,HUBG,,,,,
,HUBS,,,,,
,CLDX,,,,,
,BN,,,,,
,NP,,,,,
,PAAS,,,,,
,GVA,,,,,
,CAR,,,,,
,UFCS,,,,,
,OCGN,,,,,
,SBSW,,,,,
,WLDN,,,,,
,CAMT,,,,,
,BKKT,,,,,
,WRD,,,,,
,LUCK,,,,,
,BBWI,,,,,
,BVN,,,,,
,ACON,,,,,
,SENEA,,,,,
,VIVS,,,,,
,EQ,,,,,
,GKOS,,,,,
,ANDG,,,,,
,VTSI,,,,,
,WILC,,,,,
,LOT,,,,,
,KGC,,,,,
,PAYP,,,,,
,CFFI,,,,,
,LOCO,,,,,
,OPCH,,,,,
,CODX,,,,,
,NOVT,,,,,
,NSSC,,,,,
,CYN,,,,,
,BROS,,,,,
,UNF,,,,,
,WETH,,,,,
,BLFS,,,,,
,BLDP,,,,,
,AMPL,,,,,
,MTEK,,,,,
,WVE,,,,,
,ADMA,,,,,
,EAF,,,,,
,PONY,,,,,
,VLY,,,,,
,CSTL,,,,,
,ARQT,,,,,
,PSIX,,,,,
,VKTX,,,,,
,TBLA,,,,,
,ABAT,,,,,
,TIPT,,,,,
,DCGO,,,,,
,ANIP,,,,,
,CAST,,,,,
,KAPA,,,,,
,CLBT,,,,,
,SLM,,,,,
,MUR,,,,,
,CDRE,,,,,
,PTGX,,,,,
,DTSS,,,,,
,LECO,,,,,
,WS,,,,,
,MCRI,,,,,
,AGIO,,,,,
,ACMR,,,,,
,OHI,,,,,
,VCEL,,,,,
,SVCO,,,,,
,NXST,,,,,
,NEXN,,,,,
,MSGE,,,,,
,LIMN,,,,,
,SLRC,,,,,
,GLXY,,,,,
,WBS,,,,,
,HLIO,,,,,
,SONO,,,,,
,BWXT,,,,,
,GBCI,,,,,
,GME,,,,,
,FRSX,,,,,
,TLSA,,,,,
,ROCK,,,,,
,BHVN,,,,,
,STRA,,,,,
,ADNT,,,,,
,TBN,,,,,
,TRNS,,,,,
,CVI,,,,,
,VRME,,,,,
,MATW,,,,,
,INDP,,,,,
,MDXG,,,,,
,MTW,,,,,
,CELU,,,,,
,PINS,,,,,
,PHIO,,,,,
,SCLX,,,,,
,RENT,,,,,
,LXEO,,,,,
,AGMB,,,,,
,DLB,,,,,
,ESI,,,,,
,DIBS,,,,,
,IQ,,,,,
,VEEA,,,,,
,RNG,,,,,
,JHG,,,,,
,LASR,,,,,
,PAYS,,,,,
,SMP,,,,,
,QCRH,,,,,
,CNTN,,,,,
,QURE,,,,,
,LTH,,,,,
,VRDN,,,,,
,AROC,,,,,
,TIGO,,,,,
,DOCN,,,,,
,ANNX,,,,,
,REPL,,,,,
,SOGP,,,,,
,TUYA,,,,,
,DT,,,,,
,GPRK,,,,,
,MAGN,,,,,
,UNM,,,,,
,CCBG,,,,,
,INEO,,,,,
,RGP,,,,,
,FIBK,,,,,
,RCT,,,,,
,TFSL,,,,,
,APLE,,,,,
,AFYA,,,,,
,WMS,,,,,
,ACOG,,,,,
,KFRC,,,,,
,HUN,,,,,
,UMBF,,,,,
,PRPL,,,,,
,CAMP,,,,,
,YJ,,,,,
,XAIR,,,,,
,HAO,,,,,
,ECX,,,,,
,PYXS,,,,,
,OUST,,,,,
,PRVA,,,,,
,RSI,,,,,
,ZJYL,,,,,
,TCPC,,,,,
,PLAB,,,,,
,KEX,,,,,
,ENTG,,,,,
,MPT,,,,,
,AUB,,,,,
,CMPR,,,,,
,NXE,,,,,
,ANDE,,,,,
,INSW,,,,,
,ODD,,,,,
,TPB,,,,,
,KE,,,,,
,CMCO,,,,,
,COAG,,,,,
,YALA,,,,,
,CVLT,,,,,
,PLTK,,,,,
,KDK,,,,,
,AVBP,,,,,
,TAOX,,,,,
,IMCR,,,,,
,ENSC,,,,,
,ANRO,,,,,
,SRTA,,,,,
,RS,,,,,
,PENG,,,,,
,SBFM,,,,,
,DOLE,,,,,
,DXC,,,,,
,BHC,,,,,
,TLS,,,,,
,KNX,,,,,
,ASPN,,,,,
,SOFI,,,,,
,FEMY,,,,,
,AZI,,,,,
,EFXT,,,,,
,ALDX,,,,,
,FCEL,,,,,
,DLX,,,,,
,RKLB,,,,,
,BJ,,,,,
,GUTS,,,,,
,ZNTL,,,,,
,CDIO,,,,,
,SYRE,,,,,
,TNGX,,,,,
,FRMI,,,,,
,SNX,,,,,
,WSBC,,,,,
,BIPC,,,,,
,BCE,,,,,
,LVO,,,,,
,CSW,,,,,
,CTMX,,,,,
,AGM,,,,,
,RLX,,,,,
,CALX,,,,,
,CTKB,,,,,
,USAS,,,,,
,BLTE,,,,,
,HSTM,,,,,
,KLXE,,,,,
,BUSE,,,,,
,PTLO,,,,,
,KAI,,,,,
,IMMX,,,,,
,LNG,,,,,
,CDXS,,,,,
,PFSI,,,,,
,FFBC,,,,,
,AWR,,,,,
,ELS,,,,,
,PCOR,,,,,
,FNGR,,,,,
,LQDT,,,,,
,ZYBT,,,,,
,TRDA,,,,,
,CHWY,,,,,
,TALK,,,,,
,NAVN,,,,,
,NABL,,,,,
,BMRC,,,,,
,DNUT,,,,,
,SRCE,,,,,
,TTEC,,,,,
,ESPR,,,,,
,CMMB,,,,,
,CNOB,,,,,
,JSPR,,,,,
,MVIS,,,,,
,MNRO,,,,,
,FMS,,,,,
,APLD,,,,,
,H,,,,,
,CNQ,,,,,
,TIGR,,,,,
,WLTH,,,,,
,TROO,,,,,
,MLGO,,,,,
,IE,,,,,
,PSMT,,,,,
,SMX,,,,,
,WGS,,,,,
,REAX,,,,,
,DUO,,,,,
,ALG,,,,,
,SHIP,,,,,
,IOVA,,,,,
,TII,,,,,
,ENVA,,,,,
,TWFG,,,,,
,INTJ,,,,,
,WPM,,,,,
,BRSP,,,,,
,ALAB,,,,,
,PROK,,,,,
,RDZN,,,,,
,AIV,,,,,
,LXFR,,,,,
,SMSI,,,,,
,BRLT,,,,,
,XXI,,,,,
,DRIO,,,,,
,NTCT,,,,,
,MTZ,,,,,
,RBCAA,,,,,
,BEEP,,,,,
,AVD,,,,,
,U,,,,,
,ABEV,,,,,
,BRC,,,,,
,UBSI,,,,,
,PFS,,,,,
,HOVR,,,,,
,LOOP,,,,,
,VIST,,,,,
,GCDT,,,,,
,LAW,,,,,
,BLD,,,,,
,JXN,,,,,
,SANM,,,,,
,IGIC,,,,,
,INVZ,,,,,
,DORM,,,,,
,GATX,,,,,
,KNTK,,,,,
,BNTX,,,,,
,IMKTA,,,,,
,AIFF,,,,,
,MWA,,,,,
,IBCP,,,,,
,PIII,,,,,
,AGX,,,,,
,SEV,,,,,
,VSAT,,,,,
,PRZO,,,,,
,LC,,,,,
,WDH,,,,,
,AVNS,,,,,
,EVTC,,,,,
,ALIT,,,,,
,GSBC,,,,,
,RYTM,,,,,
,OTEX,,,,,
,GIC,,,,,
,BZFD,,,,,
,DDI,,,,,
,LIND,,,,,
,LE,,,,,
,HRMY,,,,,
,PFGC,,,,,
,GFL,,,,,
,RGEN,,,,,
,DAN,,,,,
,HKD,,,,,
,RCKY,,,,,
,EDN,,,,,
,JMIA,,,,,
,LUNG,,,,,
,ITUB,,,,,
,JKS,,,,,
,DSX,,,,,
,APLM,,,,,
,CTS,,,,,
,EVER,,,,,
,HUT,,,,,
,NAUT,,,,,
,JCAP,,,,,
,EU,,,,,
,BGL,,,,,
,NATL,,,,,
,BTU,,,,,
,KLRA,,,,,
,POAS,,,,,
,XPEV,,,,,
,MTSI,,,,,
,FUTU,,,,,
,WFRD,,,,,
,SHIM,,,,,
,LMND,,,,,
,LAR,,,,,
,STLA,,,,,
,LOGI,,,,,
,ETOR,,,,,
,SND,,,,,
,PEBO,,,,,
,AGCO,,,,,
,RMBS,,,,,
,MTRX,,,,,
,SRG,,,,,
,WSR,,,,,
,VRRM,,,,,
,BBIO,,,,,
,TTI,,,,,
,RNAZ,,,,,
,MITK,,,,,
,RPD,,,,,
,TOP,,,,,
,TAL,,,,,
,SDST,,,,,
,MBWM,,,,,
,OMEX,,,,,
,ALK,,,,,
,DERM,,,,,
,WK,,,,,
,TG,,,,,
,TNON,,,,,
,IVA,,,,,
,AEVA,,,,,
,ACET,,,,,
,CACI,,,,,
,TMHC,,,,,
,GHM,,,,,
,PEN,,,,,
,FLGT,,,,,
,UNIT,,,,,
,AVNW,,,,,
,DMRC,,,,,
,FCNCA,,,,,
,EQH,,,,,
,SOPA,,,,,
,CVEO,,,,,
,GXO,,,,,
,PRE,,,,,
,TLN,,,,,
,BBCP,,,,,
,AAT,,,,,
,ACIC,,,,,
,SUPX,,,,,
,LRN,,,,,
,EVC,,,,,
,PRME,,,,,
,DCBO,,,,,
,DUOT,,,,,
,MED,,,,,
,MDIA,,,,,
,PSFE,,,,,
,GWRS,,,,,
,LGVN,,,,,
,IPSC,,,,,
,PFBC,,,,,
,YETI,,,,,
,COLM,,,,,
,SSTK,,,,,
,SION,,,,,
,FRPT,,,,,
,AMX,,,,,
,CTBI,,,,,
,DSY,,,,,
,LAB,,,,,
,PACS,,,,,
,HPK,,,,,
,INGR,,,,,
,CTLP,,,,,
,AGRO,,,,,
,SBS,,,,,
,KLIC,,,,,
,SFBC,,,,,
,LTC,,,,,
,EVH,,,,,
,GILT,,,,,
,SOUN,,,,,
,AXS,,,,,
,AII,,,,,
,JBLU,,,,,
,TSLX,,,,,
,CXAI,,,,,
,MRP,,,,,
,KULR,,,,,
,TCMD,,,,,
,AZTA,,,,,
,ADUS,,,,,
,KYMR,,,,,
,RMAX,,,,,
,PCVX,,,,,
,CLBK,,,,,
,XPEL,,,,,
,BLBD,,,,,
,QFIN,,,,,
,MMYT,,,,,
,AMR,,,,,
,MERC,,,,,
,NRXP,,,,,
,ADUR,,,,,
,BGC,,,,,
,JOBY,,,,,
,SOBR,,,,,
,AGI,,,,,
,SID,,,,,
,HESM,,,,,
,INVE,,,,,
,IFBD,,,,,
,GFI,,,,,
,CBC,,,,,
,CERS,,,,,
,SNOA,,,,,
,MTUS,,,,,
,SSRM,,,,,
,KTB,,,,,
,SAIL,,,,,
,LFCR,,,,,
,VRTS,,,,,
,MMA,,,,,
,IX,,,,,
,AER,,,,,
,MRAM,,,,,
,IH,,,,,
,TFII,,,,,
,KZR,,,,,
,AVLN,,,,,
,GETY,,,,,
,CWST,,,,,
,GDHG,,,,,
,CMRE,,,,,
,IRS,,,,,
,INTZ,,,,,
,ARIS,,,,,
,CXT,,,,,
,API,,,,,
,SANA,,,,,
,UTZ,,,,,
,ORIO,,,,,
,CDLR,,,,,
,ITGR,,,,,
,GELS,,,,,
,FFIC,,,,,
,BPOP,,,,,
,LDI,,,,,
,RYZ,,,,,
,PECO,,,,,
,QSI,,,,,
,NVEC,,,,,
,ULS,,,,,
,HUMA,,,,,
,AG,,,,,
,CE,,,,,
,JBGS,,,,,
,INSE,,,,,
,NFBK,,,,,
,MSGS,,,,,
,WSFS,,,,,
,FTDR,,,,,
,SBMT,,,,,
,JBS,,,,,
,IRTC,,,,,
,LUCD,,,,,
,DBI,,,,,
,KMX,,,,,
,BWMX,,,,,
,JBIO,,,,,
,SAFE,,,,,
,MCFT,,,,,
,KALU,,,,,
,CHRD,,,,,
,SUUN,,,,,
,LUXE,,,,,
,TTMI,,,,,
,KVYO,,,,,
,INGN,,,,,
,VEL,,,,,
,APG,,,,,
,VBIO,,,,,
,EQNR,,,,,
,MOMO,,,,,
,CMPS,,,,,
,AUST,,,,,
,TWAV,,,,,
,SM,,,,,
,STRL,,,,,
,PCB,,,,,
,SGMT,,,,,
,BCRX,,,,,
,PLRX,,,,,
,KALA,,,,,
,IBN,,,,,
,CNL,,,,,
,TSM,,,,,
,WINA,,,,,
,CCG,,,,,
,SNDX,,,,,
,HTT,,,,,
,ZEO,,,,,
,ASIX,,,,,
,GNL,,,,,
,HLF,,,,,
,ENR,,,,,
,CCJ,,,,,
,ASTS,,,,,
,NSA,,,,,
,EWCZ,,,,,
,HELE,,,,,
,YAAS,,,,,
,STKS,,,,,
,SLMT,,,,,
,UFI,,,,,
,DDD,,,,,
,EMBJ,,,,,
,LXU,,,,,
,RMR,,,,,
,HFWA,,,,,
,DB,,,,,
,FGL,,,,,
,SR,,,,,
,NIQ,,,,,
,LENZ,,,,,
,SWIM,,,,,
,ADV,,,,,
,SSL,,,,,
,OSPN,,,,,
,DJT,,,,,
,DAC,,,,,
,AGEN,,,,,
,MOG.A,,,,,
,FRAF,,,,,
,QUAD,,,,,
,IRT,,,,,
,CZR,,,,,
,GSUN,,,,,
,PCYO,,,,,
,GDYN,,,,,
,HTOO,,,,,
,OTLK,,,,,
,ATLX,,,,,
,ELBM,,,,,
,PRTA,,,,,
,CHMI,,,,,
,ROIV,,,,,
,DRUG,,,,,
,ENTA,,,,,
,CRS,,,,,
,BAER,,,,,
,CRBG,,,,,
,ONMD,,,,,
,CURI,,,,,
,ALEC,,,,,
,AI,,,,,
,COHU,,,,,
,PAR,,,,,
,WYY,,,,,
,CHT,,,,,
,TBPH,,,,,
,NGVC,,,,,
,SKWD,,,,,
,ATAI,,,,,
,RYN,,,,,
,IRD,,,,,
,SUNE,,,,,
,IBG,,,,,
,AIRS,,,,,
,RES,,,,,
,PGY,,,,,
,PDFS,,,,,
,CAI,,,,,
,RPM,,,,,
,NTLA,,,,,
,XP,,,,,
,SPRO,,,,,
,FCPT,,,,,
,PRG,,,,,
,BCPC,,,,,
,TRIP,,,,,
,YMAT,,,,,
,LI,,,,,
,CARL,,,,,
,IMO,,,,,
,ESOA,,,,,
,UMH,,,,,
,BCDA,,,,,
,MSGM,,,,,
,TBI,,,,,
,ASPI,,,,,
,UTL,,,,,
,BBDC,,,,,
,SFM,,,,,
,RNW,,,,,
,BEAM,,,,,
,BLRX,,,,,
,STN,,,,,
,ORC,,,,,
,ZETA,,,,,
,AMRN,,,,,
,IOTR,,,,,
,KORE,,,,,
,LVLU,,,,,
,EGG,,,,,
,TRVG,,,,,
,HCI,,,,,
,NFE,,,,,
,OWLT,,,,,
,GWAV,,,,,
,THG,,,,,
,HR,,,,,
,CTRN,,,,,
,WIT,,,,,
,EGP,,,,,
,CLNN,,,,,
,BYRN,,,,,
,OLLI,,,,,
,TILE,,,,,
,ESNT,,,,,
,WRLD,,,,,
,POST,,,,,
,NEON,,,,,
,CHCO,,,,,
,AVXL,,,,,
,EXK,,,,,
,LEGN,,,,,
,SLNO,,,,,
,RBC,,,,,
,WPRT,,,,,
,NBR,,,,,
,PLCE,,,,,
,JDZG,,,,,
,ABUS,,,,,
,GHRS,,,,,
,STG,,,,,
,BW,,,,,
,PK,,,,,
,TBBK,,,,,
,FNUC,,,,,
,AVAL,,,,,
,HDL,,,,,
,FSLY,,,,,
,ANVS,,,,,
,IMTX,,,,,
,HCAI,,,,,
,KITT,,,,,
,VMD,,,,,
,BEPC,,,,,
,AGO,,,,,
,TNDM,,,,,
,ONCO,,,,,
,GLOB,,,,,
,HERE,,,,,
,GRWG,,,,,
,CNXN,,,,,
,HL,,,,,
,TVTX,,,,,
,BJRI,,,,,
,UI,,,,,
,UAVS,,,,,
,UCAR,,,,,
,TVRD,,,,,
,INFU,,,,,
,FRME,,,,,
,SD,,,,,
,HURN,,,,,
,FBLG,,,,,
,GFS,,,,,
,NNE,,,,,
,SAIA,,,,,
,FLD,,,,,
,MOVE,,,,,
,MIND,,,,,
,VRM,,,,,
,CZFS,,,,,
,TWG,,,,,
,DGICA,,,,,
,GLUE,,,,,
,FSBC,,,,,
,KELYA,,,,,
,BOLD,,,,,
,OPTT,,,,,
,CHEF,,,,,
,RGC,,,,,
,USGO,,,,,
,EXP,,,,,
,CGEN,,,,,
,XHR,,,,,
,NCMI,,,,,
,NVTS,,,,,
,DAR,,,,,
,ATHM,,,,,
,BEAT,,,,,
,HIT,,,,,
,BHR,,,,,
,CMRC,,,,,
,LAZ,,,,,
,AUPH,,,,,
,SBH,,,,,
,CHPT,,,,,
,AQMS,,,,,
,TGLS,,,,,
,RXT,,,,,
,PVH,,,,,
,ALV,,,,,
,WCT,,,,,
,BLZE,,,,,
,HASI,,,,,
,PUMP,,,,,
,MOB,,,,,
,RRC,,,,,
,RUSHA,,,,,
,ASLE,,,,,
,PR,,,,,
,JBSS,,,,,
,CHMG,,,,,
,RYM,,,,,
,DOCS,,,,,
,WAFD,,,,,
,PAGS,,,,,
,PPC,,,,,
,TNC,,,,,
,AFRM,,,,,
,CASS,,,,,
,ONEW,,,,,
,SRFM,,,,,
,NEXA,,,,,
,OFIX,,,,,
,UEC,,,,,
,EXOD,,,,,
,WIX,,,,,
,RICK,,,,,
,MEDP,,,,,
,SII,,,,,
,CYD,,,,,
,PTRN,,,,,
,RAMP,,,,,
,LOCL,,,,,
,ERIC,,,,,
,KRRO,,,,,
,BTAI,,,,,
,REFI,,,,,
,CWH,,,,,
,XNCR,,,,,
,CHRS,,,,,
,CRK,,,,,
,TXNM,,,,,
,GCMG,,,,,
,MPTI,,,,,
,LCID,,,,,
,RITM,,,,,
,MYE,,,,,
,YYAI,,,,,
,ORN,,,,,
,FSM,,,,,
,FMBH,,,,,
,NTR,,,,,
,YPF,,,,,
,DOO,,,,,
,WDFC,,,,,
,ETD,,,,,
,SCHL,,,,,
,OFLX,,,,,
,MQ,,,,,
,FNLC,,,,,
,LOPE,,,,,
,NNNN,,,,,
,FRHC,,,,,
,ELTX,,,,,
,LUCY,,,,,
,CART,,,,,
,ARDT,,,,,
,MLKN,,,,,
,ARTV,,,,,
,MNDY,,,,,
,NICE,,,,,
,BNKK,,,,,
,NRIX,,,,,
,VFC,,,,,
,SPFI,,,,,
,TPH,,,,,
,MOLN,,,,,
,HNGE,,,,,
,TELO,,,,,
,RACE,,,,,
,GXAI,,,,,
,OPAL,,,,,
,AVIR,,,,,
,WTM,,,,,
,AEG,,,,,
,DRH,,,,,
,BYAH,,,,,
,AHRT,,,,,
,RCKT,,,,,
,PATH,,,,,
,GLSI,,,,,
,LNC,,,,,
,HYLN,,,,,
,HGV,,,,,
,QBTS,,,,,
,QSR,,,,,
,FRST,,,,,
,BH,,,,,
,MD,,,,,
,EE,,,,,
,BLSH,,,,,
,BC,,,,,
,PB,,,,,
,EH,,,,,
,RRR,,,,,
,ENSG,,,,,
,VYX,,,,,
,AEHR,,,,,
,JBI,,,,,
,IPAR,,,,,
,CLFD,,,,,
,KBH,,,,,
,AXTI,,,,,
,WXM,,,,,
,HIMX,,,,,
,UPLD,,,,,
,DCI,,,,,
,CRON,,,,,
,SDA,,,,,
,QDEL,,,,,
,ZBAO,,,,,
,AVAV,,,,,
,ACAD,,,,,
,BATRK,,,,,
,JAZZ,,,,,
,AEMD,,,,,
,BHB,,,,,
,CECO,,,,,
,FJET,,,,,
,ARMK,,,,,
,PLG,,,,,
,SUGP,,,,,
,SLGN,,,,,
,CLS,,,,,
,GLPI,,,,,
,OPTX,,,,,
,MTG,,,,,
,OPTU,,,,,
,INOD,,,,,
,LFST,,,,,
,DCOM,,,,,
,AESI,,,,,
,ZVIA,,,,,
,DAO,,,,,
,VECO,,,,,
,BCBP,,,,,
,ALP,,,,,
,OMF,,,,,
,ASST,,,,,
,LNN,,,,,
,CRNT,,,,,
,RGTI,,,,,
,SKK,,,,,
,CW,,,,,
,DAVA,,,,,
,HAYW,,,,,
,CRI,,,,,
,UE,,,,,
,ATRO,,,,,
,ATHR,,,,,
,NCNO,,,,,
,CNX,,,,,
,CVSA,,,,,
,JFIN,,,,,
,MIRM,,,,,
,FN,,,,,
,MDB,,,,,
,TD,,,,,
,HVT,,,,,
,DFDV,,,,,
,KELYB,,,,,
,HAIN,,,,,
,PLNT,,,,,
,TMCR,,,,,
,AVA,,,,,
,SYNX,,,,,
,AMTX,,,,,
,UCTT,,,,,
,SBLK,,,,,
,CIG,,,,,
,LESL,,,,,
,ELVR,,,,,
,TCI,,,,,
,USFD,,,,,
,LZM,,,,,
,LB,,,,,
,BKYI,,,,,
,LGL,,,,,
,ADTN,,,,,
,TFIN,,,,,
,CPNG,,,,,
,HRTX,,,,,
,VELO,,,,,
,AREB,,,,,
,SWMR,,,,,
,TEX,,,,,
,LOBO,,,,,
,PLOW,,,,,
,PLXS,,,,,
,ETSY,,,,,
,AIOT,,,,,
,TOL,,,,,
,AERO,,,,,
,LND,,,,,
,OMCL,,,,,
,BLKB,,,,,
,ATMU,,,,,
,AROW,,,,,
,PARK,,,,,
,MGRC,,,,,
,EOLS,,,,,
,AVTR,,,,,
,SBET,,,,,
,SSSS,,,,,
,NTB,,,,,
,RDNT,,,,,
,FENG,,,,,
,BIYA,,,,,
,PRLD,,,,,
,OSW,,,,,
,LNTH,,,,,
,ARAY,,,,,
,SLQT,,,,,
,RH,,,,,
,NGVT,,,,,
,SQM,,,,,
,MRX,,,,,
,VTS,,,,,
,ATYR,,,,,
,CFFN,,,,,
,SPTX,,,,,
,EXPI,,,,,
,TRUP,,,,,
,SHC,,,,,
,CPK,,,,,
,MSW,,,,,
,APC,,,,,
,CRTO,,,,,
,RWAY,,,,,
,NBTX,,,,,
,BCH,,,,,
,KD,,,,,
,W,,,,,
,BLNE,,,,,
,GRBK,,,,,
,GLIBK,,,,,
,SMID,,,,,
,MTA,,,,,
,CMT,,,,,
,VIRC,,,,,
,LPL,,,,,
,TNL,,,,,
,SPCE,,,,,
,OVV,,,,,
,UPXI,,,,,
,ICUI,,,,,
,SES,,,,,
,IDCC,,,,,
,MAX,,,,,
,BBNX,,,,,
,ANIX,,,,,
,ZBIO,,,,,
,APUS,,,,,
,SPSC,,,,,
,HZO,,,,,
,RYAAY,,,,,
,SENS,,,,,
,GBX,,,,,
,SAR,,,,,
,SARO,,,,,
,AWI,,,,,
,CPRX,,,,,
,YOU,,,,,
,PASG,,,,,
,YI,,,,,
,BBT,,,,,
,USAR,,,,,
,HIPO,,,,,
,ENTX,,,,,
,LIFE,,,,,
,BRBS,,,,,
,MKTX,,,,,
,GFAI,,,,,
,ENVX,,,,,
,CMTL,,,,,
,SPMC,,,,,
,GPRE,,,,,
,CERT,,,,,
,CGNX,,,,,
,SGML,,,,,
,CEPU,,,,,
,CLIK,,,,,
,USPH,,,,,
,BFLY,,,,,
,RUM,,,,,
,CVBF,,,,,
,CIFR,,,,,
,PXLW,,,,,
,SNOW,,,,,
,KARO,,,,,
,WEN,,,,,
,MAT,,,,,
,DOX,,,,,
,ACNB,,,,,
,CRDO,,,,,
,AKO.A,,,,,
,SBGI,,,,,
,BIRD,,,,,
,WTBA,,,,,
,SONY,,,,,
,AXSM,,,,,
,AXTA,,,,,
,HIMS,,,,,
,PHR,,,,,
,DAVE,,,,,
,MGY,,,,,
,MCW,,,,,
,IRON,,,,,
,MARA,,,,,
,ANTA,,,,,
,NIC,,,,,
,FMNB,,,,,
,VENU,,,,,
,CARS,,,,,
,MAIR,,,,,
,SLDB,,,,,
,CSWC,,,,,
,DEFT,,,,,
,BAK,,,,,
,BTSG,,,,,
,PKBK,,,,,
,DLTH,,,,,
,SPAI,,,,,
,OBDC,,,,,
,WSC,,,,,
,DBD,,,,,
,APGE,,,,,
,INSG,,,,,
,OLPX,,,,,
,VZLA,,,,,
,OCS,,,,,
,WIMI,,,,,
,WOK,,,,,
,HLLY,,,,,
,REA,,,,,
,SXI,,,,,
,NTES,,,,,
,CODI,,,,,
,SFST,,,,,
,VCYT,,,,,
,UVV,,,,,
,CSL,,,,,
,AN,,,,,
,IMSR,,,,,
,HTZ,,,,,
,ORA,,,,,
,SITC,,,,,
,UAA,,,,,
,IMOS,,,,,
,XRX,,,,,
,MATV,,,,,
,CURB,,,,,
,EQPT,,,,,
,HRZN,,,,,
,ALGM,,,,,
,LYEL,,,,,
,DXYZ,,,,,
,SGHC,,,,,
,KIDS,,,,,
,FOUR,,,,,
,CRC,,,,,
,TWLO,,,,,
,CLVT,,,,,
,RLMD,,,,,
,NWTG,,,,,
,JACK,,,,,
,ONDS,,,,,
,ULCC,,,,,
,EVEX,,,,,
,TLRY,,,,,
,BEEM,,,,,
,ESE,,,,,
,CLSK,,,,,
,SNTI,,,,,
,CTEV,,,,,
,YSS,,,,,
,R,,,,,
,ATOM,,,,,
,OII,,,,,
,CSTM,,,,,
,LUNR,,,,,
,OMDA,,,,,
,FRBA,,,,,
,GOOD,,,,,
,FBP,,,,,
,SAIC,,,,,
,FR,,,,,
,NTSK,,,,,
,DDS,,,,,
,AMKR,,,,,
,EBON,,,,,
,SKYQ,,,,,
,ACI,,,,,
,EAT,,,,,
,MITQ,,,,,
,CRAI,,,,,
,VITL,,,,,
,TR,,,,,
,PRGO,,,,,
,TRST,,,,,
,LMAT,,,,,
,TRNO,,,,,
,VISN,,,,,
,ALH,,,,,
,KNSL,,,,,
,COCH,,,,,
,UA,,,,,
,URBN,,,,,
,NOG,,,,,
,LPSN,,,,,
,AMOD,,,,,
,SG,,,,,
,RNST,,,,,
,WOOF,,,,,
,BIRK,,,,,
,PEGA,,,,,
,FLYX,,,,,
,RGNT,,,,,
,DH,,,,,
,EHC,,,,,
,INBK,,,,,
,RY,,,,,
,MSC,,,,,
,VOYG,,,,,
,FFIN,,,,,
,GMAB,,,,,
,ELAN,,,,,
,XPO,,,,,
,SDHC,,,,,
,CINT,,,,,
,EXLS,,,,,
,PZG,,,,,
,MFC,,,,,
,GLBE,,,,,
,CG,,,,,
,OGS,,,,,
,NOMA,,,,,
,GNK,,,,,
,CAC,,,,,
,OLN,,,,,
,SUIG,,,,,
,AUID,,,,,
,FPH,,,,,
,WTS,,,,,
,OTLY,,,,,
,CRML,,,,,
,NAKA,,,,,
,SILC,,,,,
,WRBY,,,,,
,JAN,,,,,
,NPKI,,,,,
,CBLL,,,,,
,OGI,,,,,
,BOW,,,,,
,ACM,,,,,
,MTH,,,,,
,CABO,,,,,
,SI,,,,,
,CHCT,,,,,
,HSAI,,,,,
,ZD,,,,,
,TE,,,,,
,CING,,,,,
,MGX,,,,,
,CMCM,,,,,
,GEMI,,,,,
,VLGEA,,,,,
,PBR.A,,,,,
,BSBR,,,,,
,NRSN,,,,,
,IPST,,,,,
,MAZE,,,,,
,AIR,,,,,
,TOUR,,,,,
,EVGO,,,,,
,STXS,,,,,
,OPK,,,,,
,SVM,,,,,
,SGC,,,,,
,LYFT,,,,,
,LGCY,,,,,
,SNBR,,,,,
,AMG,,,,,
,NWE,,,,,
,ALKT,,,,,
,LIDR,,,,,
,KC,,,,,
,JAKK,,,,,
,CRVL,,,,,
,BRCC,,,,,
,AVPT,,,,,
,ARCT,,,,,
,NNN,,,,,
,PRMB,,,,,
,CSR,,,,,
,GOCO,,,,,
,ECG,,,,,
,GPRO,,,,,
,PATK,,,,,
,AX,,,,,
,RFL,,,,,
,EBS,,,,,
,GLOO,,,,,
,MYO,,,,,
,CLPR,,,,,
,SYNA,,,,,
,ASIC,,,,,
,AGIG,,,,,
,CNTA,,,,,
,URG,,,,,
,GEO,,,,,
,BBAI,,,,,
,XXII,,,,,
,GLRE,,,,,
,DDC,,,,,
,TEM,,,,,
,HCM,,,,,
,CLLS,,,,,
,AYI,,,,,
,AIFC,,,,,
,NNI,,,,,
,CLH,,,,,
,VERU,,,,,
,RPGL,,,,,
,ZONE,,,,,
,TREX,,,,,
,BUDA,,,,,
,DSS,,,,,
,SJ,,,,,
,CMBT,,,,,
,XBP,,,,,
,AXIA,,,,,
,SMRT,,,,,
,ARHS,,,,,
,MBI,,,,,
,SMXT,,,,,
,CM,,,,,
,ALTG,,,,,
,PZZA,,,,,
,AAPG,,,,,
,EEFT,,,,,
,FNKO,,,,,
,WGO,,,,,
,SWBI,,,,,
,DRTS,,,,,
,TK,,,,,
,LINE,,,,,
,TXG,,,,,
,ABVC,,,,,
,DGII,,,,,
,MTRN,,,,,
,QNTM,,,,,
,CORZ,,,,,
,RIG,,,,,
,ACFN,,,,,
,DRS,,,,,
,WALD,,,,,
,CRCT,,,,,
,DDL,,,,,
,FOXF,,,,,
,EFOR,,,,,
,PBYI,,,,,
,PGC,,,,,
,MCY,,,,,
,DINO,,,,,
,HWC,,,,,
,NAGE,,,,,
,GIII,,,,,
,NMG,,,,,
,BILI,,,,,
,RMCO,,,,,
,CTSO,,,,,
,ALC,,,,,
,SKIN,,,,,
,SEIC,,,,,
,RWT,,,,,
,RIVN,,,,,
,BNT,,,,,
,ESLT,,,,,
,CORT,,,,,
,CX,,,,,
,MYRG,,,,,
,TWI,,,,,
,AVO,,,,,
,CCHH,,,,,
,OPRX,,,,,
,CNTY,,,,,
,SPOK,,,,,
,TCBX,,,,,
,TEAD,,,,,
,BMBL,,,,,
,FOR,,,,,
,WFF,,,,,
,CTRM,,,,,
,IPX,,,,,
,VALU,,,,,
,GIL,,,,,
,OTTR,,,,,
,MX,,,,,
,EPR,,,,,
,FMX,,,,,
,JRVR,,,,,
,OXM,,,,,
,BV,,,,,
,BULL,,,,,
,VIK,,,,,
,HOLO,,,,,
,QMCO,,,,,
,ROLR,,,,,
,ABX,,,,,
,NOAH,,,,,
,JYNT,,,,,
,AFCG,,,,,
,RLJ,,,,,
,GOOS,,,,,
,OABI,,,,,
,BODI,,,,,
,AOMR,,,,,
,YRD,,,,,
,ELWT,,,,,
,COUR,,,,,
,KOPN,,,,,
,SOPH,,,,,
,IART,,,,,
,TOI,,,,,
,SATL,,,,,
,LSCC,,,,,
,LEU,,,,,
,QNST,,,,,
,CNNE,,,,,
,KYNB,,,,,
,ENOV,,,,,
,FBRX,,,,,
,SRRK,,,,,
,HRTG,,,,,
,HUBC,,,,,
,TSSI,,,,,
,SFL,,,,,
,NTCL,,,,,
,USNA,,,,,
,CDNA,,,,,
,DOMO,,,,,
,OPEN,,,,,
,ICFI,,,,,
,CVE,,,,,
,KEEL,,,,,
,NB,,,,,
,MANE,,,,,
,ORMP,,,,,
,QRVO,,,,,
,PSQH,,,,,
,RRBI,,,,,
,ABCB,,,,,
,REVB,,,,,
,LGND,,,,,
,CMDB,,,,,
,WOR,,,,,
,SIMO,,,,,
,KSS,,,,,
,PACB,,,,,
,OPAD,,,,,
,ICU,,,,,
,GCT,,,,,
,INSP,,,,,
,BOH,,,,,
,FATE,,,,,
,HYPR,,,,,
,AAOI,,,,,
,GENI,,,,,
,SKY,,,,,
,GTLB,,,,,
,THO,,,,,
,ABCL,,,,,
,BTBT,,,,,
,CSIQ,,,,,
,BAH,,,,,
,GGR,,,,,
,XENE,,,,,
,LGCL,,,,,
,MBLY,,,,,
,LLYVK,,,,,
,RUSHB,,,,,
,WU,,,,,
,CSPI,,,,,
,MIAX,,,,,
,AIXI,,,,,
,NBN,,,,,
,IPI,,,,,
,EHTH,,,,,
,ENS,,,,,
,PANL,,,,,
,TDUP,,,,,
,VRA,,,,,
,XOMA,,,,,
,CCNE,,,,,
,ELMT,,,,,
,XGN,,,,,
,ELVA,,,,,
,WLK,,,,,
,CUE,,,,,
,STOK,,,,,
,CBRL,,,,,
,UWMC,,,,,
,BTMD,,,,,
,CWT,,,,,
,NTNX,,,,,
,CARG,,,,,
,MCS,,,,,
,GTX,,,,,
,HYMC,,,,,
,SLNH,,,,,
,HUYA,,,,,
,ENB,,,,,
,PTON,,,,,
,ARX,,,,,
,VSEC,,,,,
,OSK,,,,,
,UHAL,,,,,
,MB,,,,,
,PWP,,,,,
,DGXX,,,,,
,JL,,,,,
,BRKR,,,,,
,QTRX,,,,,
,TTC,,,,,
,INMD,,,,,
,HIVE,,,,,
,GAMB,,,,,
,STAA,,,,,
,OKTA,,,,,
,ICL,,,,,
,OSUR,,,,,
,BTGO,,,,,
,FTCI,,,,,
,NWBI,,,,,
,GRNT,,,,,
,HWKN,,,,,
,OPLN,,,,,
,IRWD,,,,,
,MDGL,,,,,
,WFG,,,,,
,FBYD,,,,,
,ERO,,,,,
,IMMP,,,,,
,QCLS,,,,,
,MSEX,,,,,
,IIIV,,,,,
,CP,,,,,
,SLGB,,,,,
,RBLX,,,,,
,PHI,,,,,
,DNA,,,,,
,TORO,,,,,
,LADR,,,,,
,BMO,,,,,
,SBCF,,,,,
,JELD,,,,,
,HTO,,,,,
,UNFI,,,,,
,NOMD,,,,,
,ACTG,,,,,
,ADT,,,,,
,ACRE,,,,,
,VALE,,,,,
,FCN,,,,,
,NVVE,,,,,
,UUUU,,,,,
,DAKT,,,,,
,G,,,,,
,GLPG,,,,,
,CCK,,,,,
,DOCU,,,,,
,GMED,,,,,
,VLRS,,,,,
,JOE,,,,,
,FIG,,,,,
,CR,,,,,
,CFR,,,,,
,TALO,,,,,
,SIRI,,,,,
,AIFU,,,,,
,AKBA,,,,,
,INNV,,,,,
,WGRX,,,,,
,ABG,,,,,
,AAMI,,,,,
,NIU,,,,,
,RBRK,,,,,
,BYSI,,,,,
,HMC,,,,,
,BETR,,,,,
,FNB,,,,,
,BLNK,,,,,
,SBR,,,,,
,GRND,,,,,
,CVLG,,,,,
,MCBS,,,,,
,HURC,,,,,
,NKTR,,,,,
,P,,,,,
,AMH,,,,,
,ACCS,,,,,
,KPLT,,,,,
,SGHT,,,,,
,VIA,,,,,
,CURV,,,,,
,TNK,,,,,
,PJT,,,,,
,CNM,,,,,
,BXC,,,,,
,XPER,,,,,
,MGNX,,,,,
,RGNX,,,,,
,HHH,,,,,
,LBTYA,,,,,
,RCEL,,,,,
,FSV,,,,,
,FBGL,,,,,
,SKYX,,,,,
,GORO,,,,,
,RXRX,,,,,
,HNST,,,,,
,DX,,,,,
,SYBT,,,,,
,PBR,,,,,
,SEDG,,,,,
,TREE,,,,,
,AVAH,,,,,
,ALGT,,,,,
,KEN,,,,,
,WCN,,,,,
,IAC,,,,,
,POWW,,,,,
,FHI,,,,,
,MGA,,,,,
,MG,,,,,
,MLTX,,,,,
,SON,,,,,
,IMMR,,,,,
,TBCH,,,,,
,VNDA,,,,,
,GREE,,,,,
,ALVO,,,,,
,ICLR,,,,,
,WYFI,,,,,
,MBRX,,,,,
,DIT,,,,,
,STEL,,,,,
,SSB,,,,,
,TGTX,,,,,
,SHEN,,,,,
,DVLT,,,,,
,CNTB,,,,,
,WTI,,,,,
,FMAO,,,,,
,STWD,,,,,
,JBDI,,,,,
,M,,,,,
,ITRN,,,,,
,RGLD,,,,,
,ESRT,,,,,
,WYHG,,,,,
,QS,,,,,
,OLP,,,,,
,KNSA,,,,,
,MNY,,,,,
,EDU,,,,,
,SEGG,,,,,
,PRCT,,,,,
,HROW,,,,,
,UAMY,,,,,
,OMH,,,,,
,SERV,,,,,
,CHKP,,,,,
,COOK,,,,,
,TOON,,,,,
,SUPV,,,,,
,ODYS,,,,,
,ANIK,,,,,
,INBX,,,,,
,TBRG,,,,,
,AD,,,,,
,NFG,,,,,
,CLPS,,,,,
,AR,,,,,
,YEXT,,,,,
,OSTX,,,,,
,VIRT,,,,,
,IMRX,,,,,
,RARE,,,,,
,IVF,,,,,
,TEVA,,,,,
,SPNT,,,,,
,CRSP,,,,,
,ZWS,,,,,
,RYDE,,,,,
,SRAD,,,,,
,OBE,,,,,
,KLC,,,,,
,THCH,,,,,
,BANF,,,,,
,ASH,,,,,
,EMPD,,,,,
,SAFT,,,,,
,CACC,,,,,
,LHAI,,,,,
,FSP,,,,,
,BAP,,,,,
,TCOM,,,,,
,PSEC,,,,,
,BMRN,,,,,
,ZYME,,,,,
,MPLT,,,,,
,SEAT,,,,,
,EYPT,,,,,
,LITE,,,,,
,HEI,,,,,
,WD,,,,,
,CBK,,,,,
,AGBK,,,,,
,RPRX,,,,,
,MATX,,,,,
,HE,,,,,
,NBBK,,,,,
,OR,,,,,
,INMB,,,,,
,QUBT,,,,,
,HOV,,,,,
,SLGL,,,,,
,CUZ,,,,,
,BNTC,,,,,
,YSWY,,,,,
,IBP,,,,,
,PS,,,,,
,LEGH,,,,,
,TXMD,,,,,
,LX,,,,,
,WES,,,,,
,PAX,,,,,
,SLI,,,,,
,FTI,,,,,
,LMRI,,,,,
,PAMT,,,,,
,DOMH,,,,,
,VSTM,,,,,
,MRCY,,,,,
,WBX,,,,,
,BMA,,,,,
,EMA,,,,,
,EXEL,,,,,
,KSCP,,,,,
,APPN,,,,,
,TKC,,,,,
,MKL,,,,,
,HLI,,,,,
,FTAI,,,,,
,VNOM,,,,,
,BKV,,,,,
,IESC,,,,,
,SOS,,,,,
,CRVO,,,,,
,NAK,,,,,
,BBD,,,,,
,FWONA,,,,,
,FA,,,,,
,NAMI,,,,,
,ICMB,,,,,
,MANU,,,,,
,CGEM,,,,,
,NVRI,,,,,
,NATH,,,,,
,HCAT,,,,,
,FUL,,,,,
,CPAC,,,,,
,YUMC,,,,,
,SLN,,,,,
,BHM,,,,,
,HCKT,,,,,
,HXL,,,,,
,KZIA,,,,,
,AMRC,,,,,
,NN,,,,,
,IMDX,,,,,
,HTH,,,,,
,GLIBA,,,,,
,HEI.A,,,,,
,VVX,,,,,
,YDDL,,,,,
,BBSI,,,,,
,CABR,,,,,
,BOXL,,,,,
,LSE,,,,,
,NEO,,,,,
,XMTR,,,,,
,ENIC,,,,,
,NVA,,,,,
,KODK,,,,,
,SIM,,,,,
,ABTC,,,,,
,CXW,,,,,
,ARRY,,,,,
,GTLS,,,,,
,GTM,,,,,
,WASH,,,,,
,PGEN,,,,,
,COKE,,,,,
,ASUR,,,,,
,SMFG,,,,,
,STRT,,,,,
,CHYM,,,,,
,CRESY,,,,,
,ASB,,,,,
,VICR,,,,,
,ARQ,,,,,
,UPC,,,,,
,CCU,,,,,
,LION,,,,,
,SDGR,,,,,
,NPB,,,,,
,VIAV,,,,,
,IFS,,,,,
,NRGV,,,,,
,OSCR,,,,,
,TEO,,,,,
,VNT,,,,,
,AMBR,,,,,
,BMEA,,,,,
,FG,,,,,
,BKE,,,,,
,CYRX,,,,,
,OCSL,,,,,
,INLF,,,,,
,PLUG,,,,,
,SYM,,,,,
,RCI,,,,,
,MUSA,,,,,
,HDB,,,,,
,ONL,,,,,
,TLK,,,,,
,NOV,,,,,
,LEA,,,,,
,ABR,,,,,
,BFH,,,,,
,REXR,,,,,
,UFPT,,,,,
,CIX,,,,,
,FSK,,,,,
,FORTY,,,,,
,IVVD,,,,,
,FLY,,,,,
,SGRY,,,,,
,IMA,,,,,
,HBCP,,,,,
,CCS,,,,,
,CIA,,,,,
,FVR,,,,,
,DTM,,,,,
,BRNS,,,,,
,DK,,,,,
,FELE,,,,,
,GRPN,,,,,
,CCSI,,,,,
,ATKR,,,,,
,ADAG,,,,,
,UONE,,,,,
,RHI,,,,,
,UBS,,,,,
,PMAX,,,,,
,IBRX,,,,,
,RM,,,,,
,FBIN,,,,,
,EVTL,,,,,
,SPRC,,,,,
,NU,,,,,
,BHF,,,,,
,GGAL,,,,,
,FNV,,,,,
,WLDS,,,,,
,MASI,,,,,
,UMC,,,,,
,EIKN,,,,,
,BFST,,,,,
,AMTB,,,,,
,ALTI,,,,,
,HPP,,,,,
,WERN,,,,,
,OGE,,,,,
,SMMT,,,,,
,DIOD,,,,,
,OPXS,,,,,
,TECK,,,,,
,ESQ,,,,,
,PAVM,,,,,
,FDBC,,,,,
,UPWK,,,,,
,MYGN,,,,,
,BL,,,,,
,CRNC,,,,,
,BVC,,,,,
,CGNT,,,,,
,TRU,,,,,
,METC,,,,,
,SOBO,,,,,
,QLYS,,,,,
,UMAC,,,,,
,AEBI,,,,,
,MOV,,,,,
,ICHR,,,,,
,KOP,,,,,
,WMG,,,,,
,AAUC,,,,,
,SSD,,,,,
,INN,,,,,
,TPVG,,,,,
,ARCC,,,,,
,ALM,,,,,
,REAL,,,,,
,ACLS,,,,,
,BSVN,,,,,
,OPFI,,,,,
,LOMA,,,,,
,CRBP,,,,,
,IONR,,,,,
,ATEX,,,,,
,AARD,,,,,
,NBP,,,,,
,BURU,,,,,
,BCAB,,,,,
,FNF,,,,,
,ASRT,,,,,
,GRC,,,,,
,NLY,,,,,
,SLP,,,,,
,INKT,,,,,
,ODC,,,,,
,RBB,,,,,
,BANR,,,,,
,ORIS,,,,,
,TISI,,,,,
,MLI,,,,,
,SPHL,,,,,
,EVMN,,,,,
,SKT,,,,,
,MNTN,,,,,
,EHAB,,,,,
,VGZ,,,,,
,ARR,,,,,
,SNAP,,,,,
,KRT,,,,,
,GENB,,,,,
,COMP,,,,,
,SCYX,,,,,
,SORA,,,,,
,KRNY,,,,,
,IHS,,,,,
,DRD,,,,,
,BARK,,,,,
,PRI,,,,,
,CBSH,,,,,
,OKLO,,,,,
,SEB,,,,,
,LONA,,,,,
,TDW,,,,,
,NVO,,,,,
,MNTK,,,,,
,CDLX,,,,,
,GHC,,,,,
,FLNG,,,,,
,OC,,,,,
,XPRO,,,,,
,VERX,,,,,
,YB,,,,,
,VGNT,,,,,
,FLR,,,,,
,FSS,,,,,
,INDB,,,,,
,CHNR,,,,,
,TPC,,,,,
,FHTX,,,,,
,CWBC,,,,,
,ZUMZ,,,,,
,IRMD,,,,,
,HURA,,,,,
,CBL,,,,,
,GAP,,,,,
,TSEM,,,,,
,VOR,,,,,
,CAN,,,,,
,LKFN,,,,,
,BDN,,,,,
,GBDC,,,,,
,BABA,,,,,
,SLAI,,,,,
,HBB,,,,,
,MPAA,,,,,
,SAM,,,,,
,SNDR,,,,,
,BE,,,,,
,ACCL,,,,,
,NATR,,,,,
,FORA,,,,,
,FCF,,,,,
,STI,,,,,
,EC,,,,,
,AGRZ,,,,,
,MAC,,,,,
,BORR,,,,,
,HQI,,,,,
,PRTH,,,,,
,NTRP,,,,,
,SFBS,,,,,
,CIVB,,,,,
,ASTH,,,,,
,MMED,,,,,
,COCO,,,,,
,AURA,,,,,
,ACIW,,,,,
,CEVA,,,,,
,SEER,,,,,
,SU,,,,,
,MP,,,,,
,ZKH,,,,,
,LPG,,,,,
,PLX,,,,,
,XYF,,,,,
,TGS,,,,,
,EGO,,,,,
,OEC,,,,,
,AORT,,,,,
,TWST,,,,,
,RRX,,,,,
,MTLS,,,,,
,WWR,,,,,
,PDS,,,,,
,TSAT,,,,,
,MUX,,,,,
,EEX,,,,,
,AISP,,,,,
,WAL,,,,,
,KOD,,,,,
,BFAM,,,,,
,TAK,,,,,
,AEM,,,,,
,GPMT,,,,,
,RCAT,,,,,
,OFRM,,,,,
,GP,,,,,
,ELPC,,,,,
,METCB,,,,,
,FAF,,,,,
,LEG,,,,,
,STNG,,,,,
,ROMA,,,,,
,OZK,,,,,
,AMIX,,,,,
,COGT,,,,,
,TKNO,,,,,
,CARE,,,,,
,NVGS,,,,,
,VPG,,,,,
,BRZE,,,,,
,GROY,,,,,
,BDTX,,,,,
,KN,,,,,
,RIGL,,,,,
,CAVA,,,,,
,LNAI,,,,,
,SKE,,,,,
,HCSG,,,,,
,TRC,,,,,
,BBUC,,,,,
,YYGH,,,,,
,PII,,,,,
,ELF,,,,,
,FDUS,,,,,
,SITE,,,,,
,CNO,,,,,
,LBTYK,,,,,
,AVR,,,,,
,GRAL,,,,,
,NRC,,,,,
,FET,,,,,
,WB,,,,,
,OIS,,,,,
,HOFT,,,,,
,BMI,,,,,
,CRSR,,,,,
,PETS,,,,,
,CNK,,,,,
,WCC,,,,,
,PC,,,,,
,ASTI,,,,,
,MCB,,,,,
,BMR,,,,,
,KSPI,,,,,
,RYAM,,,,,
,ASAN,,,,,
,LUMN,,,,,
,NHC,,,,,
,UP,,,,,
,UEIC,,,,,
,DWTX,,,,,
,NE,,,,,
,ACH,,,,,
,ANL,,,,,
,RETO,,,,,
,VSCO,,,,,
,JJSF,,,,,
,FIVN,,,,,
,GRVY,,,,,
,SE,,,,,
,BOC,,,,,
,NHP,,,,,
,MIR,,,,,
,NMAX,,,,,
,PHOE,,,,,
,SIDU,,,,,
,ERNA,,,,,
,FIGS,,,,,
,NVAX,,,,,
,THRY,,,,,
,POWI,,,,,
,KYIV,,,,,
,AXGN,,,,,
,HIFS,,,,,
,CSGS,,,,,
,EGAN,,,,,
,FLOC,,,,,
,CDTG,,,,,
,WOLF,,,,,
,ARAI,,,,,
,AUTL,,,,,
,EWBC,,,,,
,RIOT,,,,,
,TFPM,,,,,
,LAD,,,,,
,PL,,,,,
,TRX,,,,,
,CRUS,,,,,
,APOG,,,,,
,CNR,,,,,
,FORM,,,,,
,IREN,,,,,
,ARTNA,,,,,
,CRDF,,,,,
,SHAK,,,,,
,DOUG,,,,,
,UXIN,,,,,
,STSS,,,,,
,CBZ,,,,,
,EGHT,,,,,
,ONB,,,,,
,STBA,,,,,
,RXO,,,,,
,GEVO,,,,,
,FLXS,,,,,
,VSH,,,,,
,ZSTK,,,,,
,NJR,,,,,
,WRAP,,,,,
,GGB,,,,,
,ORRF,,,,,
,EVI,,,,,
,AIRO,,,,,
,PACK,,,,,
,NNBR,,,,,
,MTDR,,,,,
,VET,,,,,
,CRMD,,,,,
,THRM,,,,,
,MFG,,,,,
,QGEN,,,,,
,TDS,,,,,
,APAM,,,,,
,BOBS,,,,,
,HTB,,,,,
,TV,,,,,
,TTAM,,,,,
,PLUS,,,,,
,BELFA,,,,,
,CNH,,,,,
,CLNE,,,,,
,CTRI,,,,,
,IIIN,,,,,
,MNSO,,,,,
,GRAB,,,,,
,CDP,,,,,
,CVGW,,,,,
,BGS,,,,,
,RMNI,,,,,
,KWR,,,,,
,AGMH,,,,,
,DNTH,,,,,
,RAL,,,,,
,RRGB,,,,,
,AMCX,,,,,
,SST,,,,,
,BWAY,,,,,
,GAIA,,,,,
,CGC,,,,,
,KRO,,,,,
,LSH,,,,,
,JBTM,,,,,
,GABC,,,,,
,FLNA,,,,,
,VVV,,,,,
,SRI,,,,,
,NWL,,,,,
,EPAC,,,,,
,GOTU,,,,,
,MKSI,,,,,
,BZ,,,,,
,AHR,,,,,
,AMBQ,,,,,
,RDW,,,,,
,OM,,,,,
,ADEA,,,,,
,INVA,,,,,
,BLX,,,,,
,IMPP,,,,,
,ORLA,,,,,
,SMTC,,,,,
,DKNG,,,,,
,HCC,,,,,
,YIBO,,,,,
,TLSI,,,,,
,TMC,,,,,
,UTHR,,,,,
,BOOT,,,,,
,ESAB,,,,,
,NVMI,,,,,
,GDOT,,,,,
,TWO,,,,,
,WING,,,,,
,WLY,,,,,
,ASTE,,,,,
,SEI,,,,,
,CASY,,,,,
,DNN,,,,,
,MGTX,,,,,
,UIS,,,,,
,B,,,,,
,HOMB,,,,,
,MZTI,,,,,
,DBRG,,,,,
,BEKE,,,,,
,CATX,,,,,
,NGNE,,,,,
,DUOL,,,,,
,HOWL,,,,,
,VOYA,,,,,
,MPB,,,,,
,Z,,,,,
,HLIT,,,,,
,AKO.B,,,,,
,WSO,,,,,
,MUFG,,,,,
,NCNA,,,,,
,VTEX,,,,,
,OMAB,,,,,
,EVLV,,,,,
,NXDR,,,,,
,CIGI,,,,,
,MMS,,,,,
,HFFG,,,,,
,CXM,,,,,
,RVLV,,,,,
,E,,,,,
,CSTE,,,,,
,LLYVA,,,,,
,RC,,,,,
,AIN,,,,,
,SPWH,,,,,
,MEOH,,,,,
,MTN,,,,,
,SKM,,,,,
,IMTE,,,,,
,OUT,,,,,
,VCTR,,,,,
,ONIT,,,,,
,SEM,,,,,
,CGBD,,,,,
,CLW,,,,,
,ALTO,,,,,
,BOX,,,,,
,NSRX,,,,,
,NEUP,,,,,
,CCCC,,,,,
,MC,,,,,
,SDOT,,,,,
,TW,,,,,
,APEI,,,,,
,ALCO,,,,,
,EPC,,,,,
,ALOY,,,,,
,CELH,,,,,
,PDEX,,,,,
,BJDX,,,,,
,PHAT,,,,,
,IPWR,,,,,
,SOHU,,,,,
,BCTX,,,,,
,PPTA,,,,,
,DTIL,,,,,
,SEPN,,,,,
,GO,,,,,
,LAUR,,,,,
,BAM,,,,,
,SKIL,,,,,
,CRWV,,,,,
,MVBF,,,,,
,GRO,,,,,
,ZENA,,,,,
,TMDX,,,,,
,CNXC,,,,,
,KRG,,,,,
,TRP,,,,,
,PTCT,,,,,
,ALAR,,,,,
,SXT,,,,,
,BMNR,,,,,
,MGRX,,,,,
,BF.A,,,,,
,BRSL,,,,,
,PBI,,,,,
,EZPW,,,,,
,KMT,,,,,
,MKTW,,,,,
,MDLN,,,,,
,ASA,,,,,
,ABM,,,,,
,CLF,,,,,
,ERAS,,,,,
,WATT,,,,,
,MITT,,,,,
,RECT,,,,,
,HMN,,,,,
,RILY,,,,,
,GPGI,,,,,
,KRMN,,,,,
,CGTX,,,,,
,LOB,,,,,
,NAII,,,,,
,BBDO,,,,,
,LTRX,,,,,
,FRPH,,,,,
,RHP,,,,,
,MEHA,,,,,
,GDS,,,,,
,GOVX,,,,,
,STAG,,,,,
,PCTY,,,,,
,RGS,,,,,
,TYGO,,,,,
,ALT,,,,,
,MGNI,,,,,
,NLOP,,,,,
,JZ,,,,,
,AUDC,,,,,
,LSTR,,,,,
,ASPS,,,,,
,HLX,,,,,
,OFG,,,,,
,VREX,,,,,
,QXL,,,,,
,ITIC,,,,,
,PVLA,,,,,
,CPA,,,,,
,ASTL,,,,,
,TLPH,,,,,
,BKSY,,,,,
,BZUN,,,,,
,BRBR,,,,,
,VYGR,,,,,
,NVCR,,,,,
,AMBP,,,,,
,DQ,,,,,
,NRDS,,,,,
,SAP,,,,,
,PIPR,,,,,
,ORGO,,,,,
,ECVT,,,,,
,AMSF,,,,,
,BSRR,,,,,
,OSIS,,,,,
,ROAD,,,,,
,TM,,,,,
,ELME,,,,,
,HTGC,,,,,
,NPO,,,,,
,KRUS,,,,,
,SABR,,,,,
,CASH,,,,,
,HRI,,,,,
,RVP,,,,,
,KNF,,,,,
,SERA,,,,,
,PHG,,,,,
,SPOT,,,,,
,EMN,,,,,
,AMPH,,,,,
,SLS,,,,,
,OI,,,,,
,SPIR,,,,,
,WSBF,,,,,
,TAC,,,,,
,BVS,,,,,
,MBX,,,,,
,EOSE,,,,,
,ATEC,,,,,
,ANY,,,,,
,LAC,,,,,
,GWH,,,,,
,PNNT,,,,,
,PKX,,,,,
,IRDM,,,,,
,ALMR,,,,,
,KBR,,,,,
,JANX,,,,,
,FLL,,,,,
,CWCO,,,,,
,LANV,,,,,
,ZIM,,,,,
,RUN,,,,,
,VEEV,,,,,
,JFB,,,,,
,BANC,,,,,
,KALV,,,,,
,BNZI,,,,,
,NPK,,,,,
,REX,,,,,
,BYND,,,,,
,NVS,,,,,
,CRBU,,,,,
,IOSP,,,,,
,TIC,,,,,
,STC,,,,,
,MDU,,,,,
,NL,,,,,
,SVRN,,,,,
,PSNY,,,,,
,RDY,,,,,
,CAE,,,,,
,LFMD,,,,,
,RNR,,,,,
,SATS,,,,,
,KEP,,,,,
,DFIN,,,,,
,LVWR,,,,,
,FLNT,,,,,
,AEIS,,,,,
,SUZ,,,,,
,MAMO,,,,,
,VNTG,,,,,
,JXG,,,,,
,CPRI,,,,,
,BAND,,,,,
,NUS,,,,,
,APPS,,,,,
,GLAD,,,,,
,TMP,,,,,
,CETY,,,,,
,VAC,,,,,
,TCX,,,,,
,ARDX,,,,,
,GCO,,,,,
,RJET,,,,,
,LCUT,,,,,
,PHIN,,,,,
,STEM,,,,,
,UTMD,,,,,
,TX,,,,,
,IMCC,,,,,
,FINV,,,,,
,NBTB,,,,,
,COHR,,,,,
,OSS,,,,,
,LGN,,,,,
,NPWR,,,,,
,TIMB,,,,,
,FBIZ,,,,,
,BATRA,,,,,
,FROG,,,,,
,ALNT,,,,,
,VRNS,,,,,
,FSUN,,,,,
,BB,,,,,
,TRMD,,,,,
,KEQU,,,,,
,CNS,,,,,
,ACTU,,,,,
,ALMU,,,,,
,EMBC,,,,,
,HSCS,,,,,
,BKTI,,,,,
,IIPR,,,,,
,ACRS,,,,,
,NET,,,,,
,MFI,,,,,
,CMC,,,,,
,CHDN,,,,,
,CALM,,,,,
,PD,,,,,
,GAUZ,,,,,
,PARR,,,,,
,RERE,,,,,
,ANGO,,,,,
,REI,,,,,
,GCBC,,,,,
,SCL,,,,,
,CLOV,,,,,
,INDI,,,,,
,THM,,,,,
,PDYN,,,,,
,PERI,,,,,
,CHE,,,,,
,ZIP,,,,,
,WTTR,,,,,
,ERII,,,,,
,ACCO,,,,,
,GDRX,,,,,
,TKR,,,,,
,WBTN,,,,,
,ATRA,,,,,
,SITM,,,,,
,AIT,,,,,
,GLMD,,,,,
,PCLA,,,,,
,NWN,,,,,
,UCB,,,,,
,GSM,,,,,
,FIZZ,,,,,
,CGON,,,,,
,BNED,,,,,
,RVMD,,,,,
,RDN,,,,,
,STTK,,,,,
,OPRT,,,,,
,FRO,,,,,
,SSP,,,,,
,ANGH,,,,,
,CHAI,,,,,
,CISO,,,,,
,ARCO,,,,,
,KNDI,,,,,
,ASM,,,,,
,ARCB,,,,,
,PRGS,,,,,
,SINT,,,,,
,VATE,,,,,
,HAE,,,,,
,SOLS,,,,,
,IBTA,,,,,
,TTEK,,,,,
,RPAY,,,,,
,FHB,,,,,
,XCH,,,,,
,FTS,,,,,
,UNTY,,,,,
,SPHR,,,,,
,CTRE,,,,,
,JOUT,,,,,
,NIO,,,,,
,CNMD,,,,,
,WWW,,,,,
,COLL,,,,,
,FMC,,,,,
,CBU,,,,,
,RPT,,,,,
,SFHG,,,,,
,HOG,,,,,
,GTES,,,,,
,FISI,,,,,
,NVST,,,,,
,INTA,,,,,
,TSHA,,,,,
,ABSI,,,,,
,SMR,,,,,
,VINP,,,,,
,SXC,,,,,
,THR,,,,,
,GSAT,,,,,
,DCH,,,,,
,WTFC,,,,,
,FF,,,,,
,CON,,,,,
,PLPC,,,,,
,ALDFU,,,,,
,ABEO,,,,,
,OCFC,,,,,
,KFY,,,,,
,DY,,,,,
,CNVS,,,,,
,HAFC,,,,,
,ADCT,,,,,
,CENTA,,,,,
,GAME,,,,,
,IONS,,,,,
,UBXG,,,,,
,ASO,,,,,
,LZ,,,,,
,FPS,,,,,
,QUIK,,,,,
,FULT,,,,,
,LSAK,,,,,
,BBBY,,,,,
,PAGP,,,,,
,ATNI,,,,,
,OPY,,,,,
,STKH,,,,,
,ALRM,,,,,
,SPWR,,,,,
,REZI,,,,,
,AMBA,,,,,
,DXPE,,,,,
,CBNK,,,,,
,NOA,,,,,
,HLMN,,,,,
,TPST,,,,,
,ORBS,,,,,
,MVST,,,,,
,VERI,,,,,
,STHO,,,,,
,AVNT,,,,,
,NEXT,,,,,
,MFA,,,,,
,NPCE,,,,,
,CBT,,,,,
,MEC,,,,,
,AMRX,,,,,
,PTLE,,,,,
,MEG,,,,,
,TIVO,,,,,
,EXAI,,,,,
,EBET,,,,,
,IPOC,,,,,
,VER,,,,,
